STRUCTURE,STRUCTURE_ID,STRUCTURE_NAME,ACTION,REF_AREA,Reference area,MEASURE,Measure,UNIT_MEASURE,Unit of measure,AGE,Age,SEX,Sex,VARIABLE_CATEGORY,Variable category,SIGI_FRAMEWORK,SIGI Framework,TIME_PERIOD,Time period,OBS_VALUE,Observation value,OBS_STATUS,Observation status,UNIT_MULT,Unit multiplier,POP_BASE,Population base,CALC_METHOD,Calculation method,SDG_SERIES,SDG indicator
DATAFLOW,OECD.DEV.NPG:DSD_GID@DF_GID_2023(1.0),"Gender, Institutions and Development Database (GID-DB) 2023",I,MOZ,Mozambique,RPI_VAW_PCT_1,Prevalence of intimate-partner violence over the lifetime,PT_POP_SUB,Percentage of population in the same subgroup,Y15T49,From 15 to 49 years,F,Female,PCT,Practices,RPI_VAW,Violence against women,2023,,30,,A,Normal value,0,Units,I_EP,Ever-partnered individuals,SIGI_YES,Variable used to compute the composite index (SIGI),,
DATAFLOW,OECD.DEV.NPG:DSD_GID@DF_GID_2023(1.0),"Gender, Institutions and Development Database (GID-DB) 2023",I,UGA,Uganda,RPI_VAW_PCT_1,Prevalence of intimate-partner violence over the lifetime,PT_POP_SUB,Percentage of population in the same subgroup,Y15T49,From 15 to 49 years,F,Female,PCT,Practices,RPI_VAW,Violence against women,2023,,45,,A,Normal value,0,Units,I_EP,Ever-partnered individuals,SIGI_YES,Variable used to compute the composite index (SIGI),,
DATAFLOW,OECD.DEV.NPG:DSD_GID@DF_GID_2023(1.0),"Gender, Institutions and Development Database (GID-DB) 2023",I,AFG,Afghanistan,RPI_VAW_PCT_1,Prevalence of intimate-partner violence over the lifetime,PT_POP_SUB,Percentage of population in the same subgroup,Y15T49,From 15 to 49 years,F,Female,PCT,Practices,RPI_VAW,Violence against women,2023,,46,,A,Normal value,0,Units,I_EP,Ever-partnered individuals,SIGI_YES,Variable used to compute the composite index (SIGI),,
DATAFLOW,OECD.DEV.NPG:DSD_GID@DF_GID_2023(1.0),"Gender, Institutions and Development Database (GID-DB) 2023",I,TUR,Türkiye,RPI_VAW_PCT_1,Prevalence of intimate-partner violence over the lifetime,PT_POP_SUB,Percentage of population in the same subgroup,Y15T49,From 15 to 49 years,F,Female,PCT,Practices,RPI_VAW,Violence against women,2023,,32,,A,Normal value,0,Units,I_EP,Ever-partnered individuals,SIGI_YES,Variable used to compute the composite index (SIGI),,
DATAFLOW,OECD.DEV.NPG:DSD_GID@DF_GID_2023(1.0),"Gender, Institutions and Development Database (GID-DB) 2023",I,UKR,Ukraine,RPI_VAW_PCT_1,Prevalence of intimate-partner violence over the lifetime,PT_POP_SUB,Percentage of population in the same subgroup,Y15T49,From 15 to 49 years,F,Female,PCT,Practices,RPI_VAW,Violence against women,2023,,18,,A,Normal value,0,Units,I_EP,Ever-partnered individuals,SIGI_YES,Variable used to compute the composite index (SIGI),,
DATAFLOW,OECD.DEV.NPG:DSD_GID@DF_GID_2023(1.0),"Gender, Institutions and Development Database (GID-DB) 2023",I,QAT,Qatar,RPI_VAW_PCT_1,Prevalence of intimate-partner violence over the lifetime,PT_POP_SUB,Percentage of population in the same subgroup,Y15T49,From 15 to 49 years,F,Female,PCT,Practices,RPI_VAW,Violence against women,2023,,24,,A,Normal value,0,Units,I_EP,Ever-partnered individuals,SIGI_YES,Variable used to compute the composite index (SIGI),,
DATAFLOW,OECD.DEV.NPG:DSD_GID@DF_GID_2023(1.0),"Gender, Institutions and Development Database (GID-DB) 2023",I,SLV,El Salvador,RPI_VAW_PCT_1,Prevalence of intimate-partner violence over the lifetime,PT_POP_SUB,Percentage of population in the same subgroup,Y15T49,From 15 to 49 years,F,Female,PCT,Practices,RPI_VAW,Violence against women,2023,,21,,A,Normal value,0,Units,I_EP,Ever-partnered individuals,SIGI_YES,Variable used to compute the composite index (SIGI),,
DATAFLOW,OECD.DEV.NPG:DSD_GID@DF_GID_2023(1.0),"Gender, Institutions and Development Database (GID-DB) 2023",I,LBR,Liberia,RPI_VAW_PCT_1,Prevalence of intimate-partner violence over the lifetime,PT_POP_SUB,Percentage of population in the same subgroup,Y15T49,From 15 to 49 years,F,Female,PCT,Practices,RPI_VAW,Violence against women,2023,,43,,A,Normal value,0,Units,I_EP,Ever-partnered individuals,SIGI_YES,Variable used to compute the composite index (SIGI),,
DATAFLOW,OECD.DEV.NPG:DSD_GID@DF_GID_2023(1.0),"Gender, Institutions and Development Database (GID-DB) 2023",I,NGA,Nigeria,RPI_VAW_PCT_1,Prevalence of intimate-partner violence over the lifetime,PT_POP_SUB,Percentage of population in the same subgroup,Y15T49,From 15 to 49 years,F,Female,PCT,Practices,RPI_VAW,Violence against women,2023,,24,,A,Normal value,0,Units,I_EP,Ever-partnered individuals,SIGI_YES,Variable used to compute the composite index (SIGI),,
DATAFLOW,OECD.DEV.NPG:DSD_GID@DF_GID_2023(1.0),"Gender, Institutions and Development Database (GID-DB) 2023",I,COM,Comoros,RPI_VAW_PCT_1,Prevalence of intimate-partner violence over the lifetime,PT_POP_SUB,Percentage of population in the same subgroup,Y15T49,From 15 to 49 years,F,Female,PCT,Practices,RPI_VAW,Violence against women,2023,,16,,A,Normal value,0,Units,I_EP,Ever-partnered individuals,SIGI_YES,Variable used to compute the composite index (SIGI),,
DATAFLOW,OECD.DEV.NPG:DSD_GID@DF_GID_2023(1.0),"Gender, Institutions and Development Database (GID-DB) 2023",I,MLT,Malta,RPI_VAW_PCT_1,Prevalence of intimate-partner violence over the lifetime,PT_POP_SUB,Percentage of population in the same subgroup,Y15T49,From 15 to 49 years,F,Female,PCT,Practices,RPI_VAW,Violence against women,2023,,17,,A,Normal value,0,Units,I_EP,Ever-partnered individuals,SIGI_YES,Variable used to compute the composite index (SIGI),,
DATAFLOW,OECD.DEV.NPG:DSD_GID@DF_GID_2023(1.0),"Gender, Institutions and Development Database (GID-DB) 2023",I,MDV,Maldives,RPI_VAW_PCT_1,Prevalence of intimate-partner violence over the lifetime,PT_POP_SUB,Percentage of population in the same subgroup,Y15T49,From 15 to 49 years,F,Female,PCT,Practices,RPI_VAW,Violence against women,2023,,19,,A,Normal value,0,Units,I_EP,Ever-partnered individuals,SIGI_YES,Variable used to compute the composite index (SIGI),,
DATAFLOW,OECD.DEV.NPG:DSD_GID@DF_GID_2023(1.0),"Gender, Institutions and Development Database (GID-DB) 2023",I,IRQ,Iraq,RPI_VAW_PCT_1,Prevalence of intimate-partner violence over the lifetime,PT_POP_SUB,Percentage of population in the same subgroup,Y15T49,From 15 to 49 years,F,Female,PCT,Practices,RPI_VAW,Violence against women,2023,,26,,A,Normal value,0,Units,I_EP,Ever-partnered individuals,SIGI_YES,Variable used to compute the composite index (SIGI),,
DATAFLOW,OECD.DEV.NPG:DSD_GID@DF_GID_2023(1.0),"Gender, Institutions and Development Database (GID-DB) 2023",I,MMR,Myanmar,RPI_VAW_PCT_1,Prevalence of intimate-partner violence over the lifetime,PT_POP_SUB,Percentage of population in the same subgroup,Y15T49,From 15 to 49 years,F,Female,PCT,Practices,RPI_VAW,Violence against women,2023,,19,,A,Normal value,0,Units,I_EP,Ever-partnered individuals,SIGI_YES,Variable used to compute the composite index (SIGI),,
DATAFLOW,OECD.DEV.NPG:DSD_GID@DF_GID_2023(1.0),"Gender, Institutions and Development Database (GID-DB) 2023",I,DEU,Germany,RPI_VAW_PCT_1,Prevalence of intimate-partner violence over the lifetime,PT_POP_SUB,Percentage of population in the same subgroup,Y15T49,From 15 to 49 years,F,Female,PCT,Practices,RPI_VAW,Violence against women,2023,,21,,A,Normal value,0,Units,I_EP,Ever-partnered individuals,SIGI_YES,Variable used to compute the composite index (SIGI),,
DATAFLOW,OECD.DEV.NPG:DSD_GID@DF_GID_2023(1.0),"Gender, Institutions and Development Database (GID-DB) 2023",I,COL,Colombia,RPI_VAW_PCT_1,Prevalence of intimate-partner violence over the lifetime,PT_POP_SUB,Percentage of population in the same subgroup,Y15T49,From 15 to 49 years,F,Female,PCT,Practices,RPI_VAW,Violence against women,2023,,30,,A,Normal value,0,Units,I_EP,Ever-partnered individuals,SIGI_YES,Variable used to compute the composite index (SIGI),,
DATAFLOW,OECD.DEV.NPG:DSD_GID@DF_GID_2023(1.0),"Gender, Institutions and Development Database (GID-DB) 2023",I,MDA,Moldova,RPI_VAW_PCT_1,Prevalence of intimate-partner violence over the lifetime,PT_POP_SUB,Percentage of population in the same subgroup,Y15T49,From 15 to 49 years,F,Female,PCT,Practices,RPI_VAW,Violence against women,2023,,27,,A,Normal value,0,Units,I_EP,Ever-partnered individuals,SIGI_YES,Variable used to compute the composite index (SIGI),,
DATAFLOW,OECD.DEV.NPG:DSD_GID@DF_GID_2023(1.0),"Gender, Institutions and Development Database (GID-DB) 2023",I,VEN,Venezuela,RPI_VAW_PCT_1,Prevalence of intimate-partner violence over the lifetime,PT_POP_SUB,Percentage of population in the same subgroup,Y15T49,From 15 to 49 years,F,Female,PCT,Practices,RPI_VAW,Violence against women,2023,,19,,A,Normal value,0,Units,I_EP,Ever-partnered individuals,SIGI_YES,Variable used to compute the composite index (SIGI),,
DATAFLOW,OECD.DEV.NPG:DSD_GID@DF_GID_2023(1.0),"Gender, Institutions and Development Database (GID-DB) 2023",I,CMR,Cameroon,RPI_VAW_PCT_1,Prevalence of intimate-partner violence over the lifetime,PT_POP_SUB,Percentage of population in the same subgroup,Y15T49,From 15 to 49 years,F,Female,PCT,Practices,RPI_VAW,Violence against women,2023,,39,,A,Normal value,0,Units,I_EP,Ever-partnered individuals,SIGI_YES,Variable used to compute the composite index (SIGI),,
DATAFLOW,OECD.DEV.NPG:DSD_GID@DF_GID_2023(1.0),"Gender, Institutions and Development Database (GID-DB) 2023",I,SOM,Somalia,RPI_VAW_PCT_1,Prevalence of intimate-partner violence over the lifetime,PT_POP_SUB,Percentage of population in the same subgroup,Y15T49,From 15 to 49 years,F,Female,PCT,Practices,RPI_VAW,Violence against women,2023,,,,A,Normal value,0,Units,I_EP,Ever-partnered individuals,SIGI_YES,Variable used to compute the composite index (SIGI),,
DATAFLOW,OECD.DEV.NPG:DSD_GID@DF_GID_2023(1.0),"Gender, Institutions and Development Database (GID-DB) 2023",I,GUY,Guyana,RPI_VAW_PCT_1,Prevalence of intimate-partner violence over the lifetime,PT_POP_SUB,Percentage of population in the same subgroup,Y15T49,From 15 to 49 years,F,Female,PCT,Practices,RPI_VAW,Violence against women,2023,,31,,A,Normal value,0,Units,I_EP,Ever-partnered individuals,SIGI_YES,Variable used to compute the composite index (SIGI),,
DATAFLOW,OECD.DEV.NPG:DSD_GID@DF_GID_2023(1.0),"Gender, Institutions and Development Database (GID-DB) 2023",I,SWE,Sweden,RPI_VAW_PCT_1,Prevalence of intimate-partner violence over the lifetime,PT_POP_SUB,Percentage of population in the same subgroup,Y15T49,From 15 to 49 years,F,Female,PCT,Practices,RPI_VAW,Violence against women,2023,,21,,A,Normal value,0,Units,I_EP,Ever-partnered individuals,SIGI_YES,Variable used to compute the composite index (SIGI),,
DATAFLOW,OECD.DEV.NPG:DSD_GID@DF_GID_2023(1.0),"Gender, Institutions and Development Database (GID-DB) 2023",I,FIN,Finland,RPI_VAW_PCT_1,Prevalence of intimate-partner violence over the lifetime,PT_POP_SUB,Percentage of population in the same subgroup,Y15T49,From 15 to 49 years,F,Female,PCT,Practices,RPI_VAW,Violence against women,2023,,23,,A,Normal value,0,Units,I_EP,Ever-partnered individuals,SIGI_YES,Variable used to compute the composite index (SIGI),,
DATAFLOW,OECD.DEV.NPG:DSD_GID@DF_GID_2023(1.0),"Gender, Institutions and Development Database (GID-DB) 2023",I,BHR,Bahrain,RPI_VAW_PCT_1,Prevalence of intimate-partner violence over the lifetime,PT_POP_SUB,Percentage of population in the same subgroup,Y15T49,From 15 to 49 years,F,Female,PCT,Practices,RPI_VAW,Violence against women,2023,,,,A,Normal value,0,Units,I_EP,Ever-partnered individuals,SIGI_YES,Variable used to compute the composite index (SIGI),,
DATAFLOW,OECD.DEV.NPG:DSD_GID@DF_GID_2023(1.0),"Gender, Institutions and Development Database (GID-DB) 2023",I,UZB,Uzbekistan,RPI_VAW_PCT_1,Prevalence of intimate-partner violence over the lifetime,PT_POP_SUB,Percentage of population in the same subgroup,Y15T49,From 15 to 49 years,F,Female,PCT,Practices,RPI_VAW,Violence against women,2023,,,,A,Normal value,0,Units,I_EP,Ever-partnered individuals,SIGI_YES,Variable used to compute the composite index (SIGI),,
DATAFLOW,OECD.DEV.NPG:DSD_GID@DF_GID_2023(1.0),"Gender, Institutions and Development Database (GID-DB) 2023",I,SDN,Sudan,RPI_VAW_PCT_1,Prevalence of intimate-partner violence over the lifetime,PT_POP_SUB,Percentage of population in the same subgroup,Y15T49,From 15 to 49 years,F,Female,PCT,Practices,RPI_VAW,Violence against women,2023,,,,A,Normal value,0,Units,I_EP,Ever-partnered individuals,SIGI_YES,Variable used to compute the composite index (SIGI),,
DATAFLOW,OECD.DEV.NPG:DSD_GID@DF_GID_2023(1.0),"Gender, Institutions and Development Database (GID-DB) 2023",I,ECU,Ecuador,RPI_VAW_PCT_1,Prevalence of intimate-partner violence over the lifetime,PT_POP_SUB,Percentage of population in the same subgroup,Y15T49,From 15 to 49 years,F,Female,PCT,Practices,RPI_VAW,Violence against women,2023,,33,,A,Normal value,0,Units,I_EP,Ever-partnered individuals,SIGI_YES,Variable used to compute the composite index (SIGI),,
DATAFLOW,OECD.DEV.NPG:DSD_GID@DF_GID_2023(1.0),"Gender, Institutions and Development Database (GID-DB) 2023",I,MWI,Malawi,RPI_VAW_PCT_1,Prevalence of intimate-partner violence over the lifetime,PT_POP_SUB,Percentage of population in the same subgroup,Y15T49,From 15 to 49 years,F,Female,PCT,Practices,RPI_VAW,Violence against women,2023,,30,,A,Normal value,0,Units,I_EP,Ever-partnered individuals,SIGI_YES,Variable used to compute the composite index (SIGI),,
DATAFLOW,OECD.DEV.NPG:DSD_GID@DF_GID_2023(1.0),"Gender, Institutions and Development Database (GID-DB) 2023",I,SVK,Slovak Republic,RPI_VAW_PCT_1,Prevalence of intimate-partner violence over the lifetime,PT_POP_SUB,Percentage of population in the same subgroup,Y15T49,From 15 to 49 years,F,Female,PCT,Practices,RPI_VAW,Violence against women,2023,,18,,A,Normal value,0,Units,I_EP,Ever-partnered individuals,SIGI_YES,Variable used to compute the composite index (SIGI),,
DATAFLOW,OECD.DEV.NPG:DSD_GID@DF_GID_2023(1.0),"Gender, Institutions and Development Database (GID-DB) 2023",I,GIN,Guinea,RPI_VAW_PCT_1,Prevalence of intimate-partner violence over the lifetime,PT_POP_SUB,Percentage of population in the same subgroup,Y15T49,From 15 to 49 years,F,Female,PCT,Practices,RPI_VAW,Violence against women,2023,,37,,A,Normal value,0,Units,I_EP,Ever-partnered individuals,SIGI_YES,Variable used to compute the composite index (SIGI),,
DATAFLOW,OECD.DEV.NPG:DSD_GID@DF_GID_2023(1.0),"Gender, Institutions and Development Database (GID-DB) 2023",I,NIC,Nicaragua,RPI_VAW_PCT_1,Prevalence of intimate-partner violence over the lifetime,PT_POP_SUB,Percentage of population in the same subgroup,Y15T49,From 15 to 49 years,F,Female,PCT,Practices,RPI_VAW,Violence against women,2023,,23,,A,Normal value,0,Units,I_EP,Ever-partnered individuals,SIGI_YES,Variable used to compute the composite index (SIGI),,
DATAFLOW,OECD.DEV.NPG:DSD_GID@DF_GID_2023(1.0),"Gender, Institutions and Development Database (GID-DB) 2023",I,CZE,Czechia,RPI_VAW_PCT_1,Prevalence of intimate-partner violence over the lifetime,PT_POP_SUB,Percentage of population in the same subgroup,Y15T49,From 15 to 49 years,F,Female,PCT,Practices,RPI_VAW,Violence against women,2023,,22,,A,Normal value,0,Units,I_EP,Ever-partnered individuals,SIGI_YES,Variable used to compute the composite index (SIGI),,
DATAFLOW,OECD.DEV.NPG:DSD_GID@DF_GID_2023(1.0),"Gender, Institutions and Development Database (GID-DB) 2023",I,ERI,Eritrea,RPI_VAW_PCT_1,Prevalence of intimate-partner violence over the lifetime,PT_POP_SUB,Percentage of population in the same subgroup,Y15T49,From 15 to 49 years,F,Female,PCT,Practices,RPI_VAW,Violence against women,2023,,,,A,Normal value,0,Units,I_EP,Ever-partnered individuals,SIGI_YES,Variable used to compute the composite index (SIGI),,
DATAFLOW,OECD.DEV.NPG:DSD_GID@DF_GID_2023(1.0),"Gender, Institutions and Development Database (GID-DB) 2023",I,BGD,Bangladesh,RPI_VAW_PCT_1,Prevalence of intimate-partner violence over the lifetime,PT_POP_SUB,Percentage of population in the same subgroup,Y15T49,From 15 to 49 years,F,Female,PCT,Practices,RPI_VAW,Violence against women,2023,,50,,A,Normal value,0,Units,I_EP,Ever-partnered individuals,SIGI_YES,Variable used to compute the composite index (SIGI),,
DATAFLOW,OECD.DEV.NPG:DSD_GID@DF_GID_2023(1.0),"Gender, Institutions and Development Database (GID-DB) 2023",I,ROU,Romania,RPI_VAW_PCT_1,Prevalence of intimate-partner violence over the lifetime,PT_POP_SUB,Percentage of population in the same subgroup,Y15T49,From 15 to 49 years,F,Female,PCT,Practices,RPI_VAW,Violence against women,2023,,18,,A,Normal value,0,Units,I_EP,Ever-partnered individuals,SIGI_YES,Variable used to compute the composite index (SIGI),,
DATAFLOW,OECD.DEV.NPG:DSD_GID@DF_GID_2023(1.0),"Gender, Institutions and Development Database (GID-DB) 2023",I,USA,United States,RPI_VAW_PCT_1,Prevalence of intimate-partner violence over the lifetime,PT_POP_SUB,Percentage of population in the same subgroup,Y15T49,From 15 to 49 years,F,Female,PCT,Practices,RPI_VAW,Violence against women,2023,,26,,A,Normal value,0,Units,I_EP,Ever-partnered individuals,SIGI_YES,Variable used to compute the composite index (SIGI),,
DATAFLOW,OECD.DEV.NPG:DSD_GID@DF_GID_2023(1.0),"Gender, Institutions and Development Database (GID-DB) 2023",I,AZE,Azerbaijan,RPI_VAW_PCT_1,Prevalence of intimate-partner violence over the lifetime,PT_POP_SUB,Percentage of population in the same subgroup,Y15T49,From 15 to 49 years,F,Female,PCT,Practices,RPI_VAW,Violence against women,2023,,14,,A,Normal value,0,Units,I_EP,Ever-partnered individuals,SIGI_YES,Variable used to compute the composite index (SIGI),,
DATAFLOW,OECD.DEV.NPG:DSD_GID@DF_GID_2023(1.0),"Gender, Institutions and Development Database (GID-DB) 2023",I,LBN,Lebanon,RPI_VAW_PCT_1,Prevalence of intimate-partner violence over the lifetime,PT_POP_SUB,Percentage of population in the same subgroup,Y15T49,From 15 to 49 years,F,Female,PCT,Practices,RPI_VAW,Violence against women,2023,,18.4,,A,Normal value,0,Units,I_EP,Ever-partnered individuals,SIGI_YES,Variable used to compute the composite index (SIGI),,
DATAFLOW,OECD.DEV.NPG:DSD_GID@DF_GID_2023(1.0),"Gender, Institutions and Development Database (GID-DB) 2023",I,CAF,Central African Republic,RPI_VAW_PCT_1,Prevalence of intimate-partner violence over the lifetime,PT_POP_SUB,Percentage of population in the same subgroup,Y15T49,From 15 to 49 years,F,Female,PCT,Practices,RPI_VAW,Violence against women,2023,,29,,A,Normal value,0,Units,I_EP,Ever-partnered individuals,SIGI_YES,Variable used to compute the composite index (SIGI),,
DATAFLOW,OECD.DEV.NPG:DSD_GID@DF_GID_2023(1.0),"Gender, Institutions and Development Database (GID-DB) 2023",I,HUN,Hungary,RPI_VAW_PCT_1,Prevalence of intimate-partner violence over the lifetime,PT_POP_SUB,Percentage of population in the same subgroup,Y15T49,From 15 to 49 years,F,Female,PCT,Practices,RPI_VAW,Violence against women,2023,,19,,A,Normal value,0,Units,I_EP,Ever-partnered individuals,SIGI_YES,Variable used to compute the composite index (SIGI),,
DATAFLOW,OECD.DEV.NPG:DSD_GID@DF_GID_2023(1.0),"Gender, Institutions and Development Database (GID-DB) 2023",I,EU,European Union,RPI_VAW_PCT_1,Prevalence of intimate-partner violence over the lifetime,PT_POP_SUB,Percentage of population in the same subgroup,Y15T49,From 15 to 49 years,F,Female,PCT,Practices,RPI_VAW,Violence against women,2023,,18.5,,A,Normal value,0,Units,I_EP,Ever-partnered individuals,SIGI_YES,Variable used to compute the composite index (SIGI),,
DATAFLOW,OECD.DEV.NPG:DSD_GID@DF_GID_2023(1.0),"Gender, Institutions and Development Database (GID-DB) 2023",I,CPV,Cabo Verde,RPI_VAW_PCT_1,Prevalence of intimate-partner violence over the lifetime,PT_POP_SUB,Percentage of population in the same subgroup,Y15T49,From 15 to 49 years,F,Female,PCT,Practices,RPI_VAW,Violence against women,2023,,19,,A,Normal value,0,Units,I_EP,Ever-partnered individuals,SIGI_YES,Variable used to compute the composite index (SIGI),,
DATAFLOW,OECD.DEV.NPG:DSD_GID@DF_GID_2023(1.0),"Gender, Institutions and Development Database (GID-DB) 2023",I,MAR,Morocco,RPI_VAW_PCT_1,Prevalence of intimate-partner violence over the lifetime,PT_POP_SUB,Percentage of population in the same subgroup,Y15T49,From 15 to 49 years,F,Female,PCT,Practices,RPI_VAW,Violence against women,2023,,46,,A,Normal value,0,Units,I_EP,Ever-partnered individuals,SIGI_YES,Variable used to compute the composite index (SIGI),,
DATAFLOW,OECD.DEV.NPG:DSD_GID@DF_GID_2023(1.0),"Gender, Institutions and Development Database (GID-DB) 2023",I,IDN,Indonesia,RPI_VAW_PCT_1,Prevalence of intimate-partner violence over the lifetime,PT_POP_SUB,Percentage of population in the same subgroup,Y15T49,From 15 to 49 years,F,Female,PCT,Practices,RPI_VAW,Violence against women,2023,,22,,A,Normal value,0,Units,I_EP,Ever-partnered individuals,SIGI_YES,Variable used to compute the composite index (SIGI),,
DATAFLOW,OECD.DEV.NPG:DSD_GID@DF_GID_2023(1.0),"Gender, Institutions and Development Database (GID-DB) 2023",I,TWN,Chinese Taipei,RPI_VAW_PCT_1,Prevalence of intimate-partner violence over the lifetime,PT_POP_SUB,Percentage of population in the same subgroup,Y15T49,From 15 to 49 years,F,Female,PCT,Practices,RPI_VAW,Violence against women,2023,,25,,A,Normal value,0,Units,I_EP,Ever-partnered individuals,SIGI_YES,Variable used to compute the composite index (SIGI),,
DATAFLOW,OECD.DEV.NPG:DSD_GID@DF_GID_2023(1.0),"Gender, Institutions and Development Database (GID-DB) 2023",I,POL,Poland,RPI_VAW_PCT_1,Prevalence of intimate-partner violence over the lifetime,PT_POP_SUB,Percentage of population in the same subgroup,Y15T49,From 15 to 49 years,F,Female,PCT,Practices,RPI_VAW,Violence against women,2023,,13,,A,Normal value,0,Units,I_EP,Ever-partnered individuals,SIGI_YES,Variable used to compute the composite index (SIGI),,
DATAFLOW,OECD.DEV.NPG:DSD_GID@DF_GID_2023(1.0),"Gender, Institutions and Development Database (GID-DB) 2023",I,CAN,Canada,RPI_VAW_PCT_1,Prevalence of intimate-partner violence over the lifetime,PT_POP_SUB,Percentage of population in the same subgroup,Y15T49,From 15 to 49 years,F,Female,PCT,Practices,RPI_VAW,Violence against women,2023,,25.7,,A,Normal value,0,Units,I_EP,Ever-partnered individuals,SIGI_YES,Variable used to compute the composite index (SIGI),,
DATAFLOW,OECD.DEV.NPG:DSD_GID@DF_GID_2023(1.0),"Gender, Institutions and Development Database (GID-DB) 2023",I,FJI,Fiji,RPI_VAW_PCT_1,Prevalence of intimate-partner violence over the lifetime,PT_POP_SUB,Percentage of population in the same subgroup,Y15T49,From 15 to 49 years,F,Female,PCT,Practices,RPI_VAW,Violence against women,2023,,52,,A,Normal value,0,Units,I_EP,Ever-partnered individuals,SIGI_YES,Variable used to compute the composite index (SIGI),,
DATAFLOW,OECD.DEV.NPG:DSD_GID@DF_GID_2023(1.0),"Gender, Institutions and Development Database (GID-DB) 2023",I,GBR,United Kingdom,RPI_VAW_PCT_1,Prevalence of intimate-partner violence over the lifetime,PT_POP_SUB,Percentage of population in the same subgroup,Y15T49,From 15 to 49 years,F,Female,PCT,Practices,RPI_VAW,Violence against women,2023,,24,,A,Normal value,0,Units,I_EP,Ever-partnered individuals,SIGI_YES,Variable used to compute the composite index (SIGI),,
DATAFLOW,OECD.DEV.NPG:DSD_GID@DF_GID_2023(1.0),"Gender, Institutions and Development Database (GID-DB) 2023",I,VNM,Viet Nam,RPI_VAW_PCT_1,Prevalence of intimate-partner violence over the lifetime,PT_POP_SUB,Percentage of population in the same subgroup,Y15T49,From 15 to 49 years,F,Female,PCT,Practices,RPI_VAW,Violence against women,2023,,25,,A,Normal value,0,Units,I_EP,Ever-partnered individuals,SIGI_YES,Variable used to compute the composite index (SIGI),,
DATAFLOW,OECD.DEV.NPG:DSD_GID@DF_GID_2023(1.0),"Gender, Institutions and Development Database (GID-DB) 2023",I,BTN,Bhutan,RPI_VAW_PCT_1,Prevalence of intimate-partner violence over the lifetime,PT_POP_SUB,Percentage of population in the same subgroup,Y15T49,From 15 to 49 years,F,Female,PCT,Practices,RPI_VAW,Violence against women,2023,,22,,A,Normal value,0,Units,I_EP,Ever-partnered individuals,SIGI_YES,Variable used to compute the composite index (SIGI),,
DATAFLOW,OECD.DEV.NPG:DSD_GID@DF_GID_2023(1.0),"Gender, Institutions and Development Database (GID-DB) 2023",I,CYP,Cyprus,RPI_VAW_PCT_1,Prevalence of intimate-partner violence over the lifetime,PT_POP_SUB,Percentage of population in the same subgroup,Y15T49,From 15 to 49 years,F,Female,PCT,Practices,RPI_VAW,Violence against women,2023,,16,,A,Normal value,0,Units,I_EP,Ever-partnered individuals,SIGI_YES,Variable used to compute the composite index (SIGI),,
DATAFLOW,OECD.DEV.NPG:DSD_GID@DF_GID_2023(1.0),"Gender, Institutions and Development Database (GID-DB) 2023",I,KEN,Kenya,RPI_VAW_PCT_1,Prevalence of intimate-partner violence over the lifetime,PT_POP_SUB,Percentage of population in the same subgroup,Y15T49,From 15 to 49 years,F,Female,PCT,Practices,RPI_VAW,Violence against women,2023,,38,,A,Normal value,0,Units,I_EP,Ever-partnered individuals,SIGI_YES,Variable used to compute the composite index (SIGI),,
DATAFLOW,OECD.DEV.NPG:DSD_GID@DF_GID_2023(1.0),"Gender, Institutions and Development Database (GID-DB) 2023",I,GRC,Greece,RPI_VAW_PCT_1,Prevalence of intimate-partner violence over the lifetime,PT_POP_SUB,Percentage of population in the same subgroup,Y15T49,From 15 to 49 years,F,Female,PCT,Practices,RPI_VAW,Violence against women,2023,,18,,A,Normal value,0,Units,I_EP,Ever-partnered individuals,SIGI_YES,Variable used to compute the composite index (SIGI),,
DATAFLOW,OECD.DEV.NPG:DSD_GID@DF_GID_2023(1.0),"Gender, Institutions and Development Database (GID-DB) 2023",I,W,World,RPI_VAW_PCT_1,Prevalence of intimate-partner violence over the lifetime,PT_POP_SUB,Percentage of population in the same subgroup,Y15T49,From 15 to 49 years,F,Female,PCT,Practices,RPI_VAW,Violence against women,2023,,27.5,,A,Normal value,0,Units,I_EP,Ever-partnered individuals,SIGI_YES,Variable used to compute the composite index (SIGI),,
DATAFLOW,OECD.DEV.NPG:DSD_GID@DF_GID_2023(1.0),"Gender, Institutions and Development Database (GID-DB) 2023",I,SYR,Syrian Arab Republic,RPI_VAW_PCT_1,Prevalence of intimate-partner violence over the lifetime,PT_POP_SUB,Percentage of population in the same subgroup,Y15T49,From 15 to 49 years,F,Female,PCT,Practices,RPI_VAW,Violence against women,2023,,,,A,Normal value,0,Units,I_EP,Ever-partnered individuals,SIGI_YES,Variable used to compute the composite index (SIGI),,
DATAFLOW,OECD.DEV.NPG:DSD_GID@DF_GID_2023(1.0),"Gender, Institutions and Development Database (GID-DB) 2023",I,KOR,Korea,RPI_VAW_PCT_1,Prevalence of intimate-partner violence over the lifetime,PT_POP_SUB,Percentage of population in the same subgroup,Y15T49,From 15 to 49 years,F,Female,PCT,Practices,RPI_VAW,Violence against women,2023,,,,A,Normal value,0,Units,I_EP,Ever-partnered individuals,SIGI_YES,Variable used to compute the composite index (SIGI),,
DATAFLOW,OECD.DEV.NPG:DSD_GID@DF_GID_2023(1.0),"Gender, Institutions and Development Database (GID-DB) 2023",I,PSE,Palestinian Authority or West Bank and Gaza Strip,RPI_VAW_PCT_1,Prevalence of intimate-partner violence over the lifetime,PT_POP_SUB,Percentage of population in the same subgroup,Y15T49,From 15 to 49 years,F,Female,PCT,Practices,RPI_VAW,Violence against women,2023,,21.2,,A,Normal value,0,Units,I_EP,Ever-partnered individuals,SIGI_YES,Variable used to compute the composite index (SIGI),,
DATAFLOW,OECD.DEV.NPG:DSD_GID@DF_GID_2023(1.0),"Gender, Institutions and Development Database (GID-DB) 2023",I,MUS,Mauritius,RPI_VAW_PCT_1,Prevalence of intimate-partner violence over the lifetime,PT_POP_SUB,Percentage of population in the same subgroup,Y15T49,From 15 to 49 years,F,Female,PCT,Practices,RPI_VAW,Violence against women,2023,,,,A,Normal value,0,Units,I_EP,Ever-partnered individuals,SIGI_YES,Variable used to compute the composite index (SIGI),,
DATAFLOW,OECD.DEV.NPG:DSD_GID@DF_GID_2023(1.0),"Gender, Institutions and Development Database (GID-DB) 2023",I,GEO,Georgia,RPI_VAW_PCT_1,Prevalence of intimate-partner violence over the lifetime,PT_POP_SUB,Percentage of population in the same subgroup,Y15T49,From 15 to 49 years,F,Female,PCT,Practices,RPI_VAW,Violence against women,2023,,10,,A,Normal value,0,Units,I_EP,Ever-partnered individuals,SIGI_YES,Variable used to compute the composite index (SIGI),,
DATAFLOW,OECD.DEV.NPG:DSD_GID@DF_GID_2023(1.0),"Gender, Institutions and Development Database (GID-DB) 2023",I,DZA,Algeria,RPI_VAW_PCT_1,Prevalence of intimate-partner violence over the lifetime,PT_POP_SUB,Percentage of population in the same subgroup,Y15T49,From 15 to 49 years,F,Female,PCT,Practices,RPI_VAW,Violence against women,2023,,,,A,Normal value,0,Units,I_EP,Ever-partnered individuals,SIGI_YES,Variable used to compute the composite index (SIGI),,
DATAFLOW,OECD.DEV.NPG:DSD_GID@DF_GID_2023(1.0),"Gender, Institutions and Development Database (GID-DB) 2023",I,CIV,Côte d’Ivoire,RPI_VAW_PCT_1,Prevalence of intimate-partner violence over the lifetime,PT_POP_SUB,Percentage of population in the same subgroup,Y15T49,From 15 to 49 years,F,Female,PCT,Practices,RPI_VAW,Violence against women,2023,,27,,A,Normal value,0,Units,I_EP,Ever-partnered individuals,SIGI_YES,Variable used to compute the composite index (SIGI),,
DATAFLOW,OECD.DEV.NPG:DSD_GID@DF_GID_2023(1.0),"Gender, Institutions and Development Database (GID-DB) 2023",I,SAU,Saudi Arabia,RPI_VAW_PCT_1,Prevalence of intimate-partner violence over the lifetime,PT_POP_SUB,Percentage of population in the same subgroup,Y15T49,From 15 to 49 years,F,Female,PCT,Practices,RPI_VAW,Violence against women,2023,,43,,A,Normal value,0,Units,I_EP,Ever-partnered individuals,SIGI_YES,Variable used to compute the composite index (SIGI),,
DATAFLOW,OECD.DEV.NPG:DSD_GID@DF_GID_2023(1.0),"Gender, Institutions and Development Database (GID-DB) 2023",I,CUB,Cuba,RPI_VAW_PCT_1,Prevalence of intimate-partner violence over the lifetime,PT_POP_SUB,Percentage of population in the same subgroup,Y15T49,From 15 to 49 years,F,Female,PCT,Practices,RPI_VAW,Violence against women,2023,,14,,A,Normal value,0,Units,I_EP,Ever-partnered individuals,SIGI_YES,Variable used to compute the composite index (SIGI),,
DATAFLOW,OECD.DEV.NPG:DSD_GID@DF_GID_2023(1.0),"Gender, Institutions and Development Database (GID-DB) 2023",I,LVA,Latvia,RPI_VAW_PCT_1,Prevalence of intimate-partner violence over the lifetime,PT_POP_SUB,Percentage of population in the same subgroup,Y15T49,From 15 to 49 years,F,Female,PCT,Practices,RPI_VAW,Violence against women,2023,,25,,A,Normal value,0,Units,I_EP,Ever-partnered individuals,SIGI_YES,Variable used to compute the composite index (SIGI),,
DATAFLOW,OECD.DEV.NPG:DSD_GID@DF_GID_2023(1.0),"Gender, Institutions and Development Database (GID-DB) 2023",I,JOR,Jordan,RPI_VAW_PCT_1,Prevalence of intimate-partner violence over the lifetime,PT_POP_SUB,Percentage of population in the same subgroup,Y15T49,From 15 to 49 years,F,Female,PCT,Practices,RPI_VAW,Violence against women,2023,,24,,A,Normal value,0,Units,I_EP,Ever-partnered individuals,SIGI_YES,Variable used to compute the composite index (SIGI),,
DATAFLOW,OECD.DEV.NPG:DSD_GID@DF_GID_2023(1.0),"Gender, Institutions and Development Database (GID-DB) 2023",I,BIH,Bosnia and Herzegovina,RPI_VAW_PCT_1,Prevalence of intimate-partner violence over the lifetime,PT_POP_SUB,Percentage of population in the same subgroup,Y15T49,From 15 to 49 years,F,Female,PCT,Practices,RPI_VAW,Violence against women,2023,,12,,A,Normal value,0,Units,I_EP,Ever-partnered individuals,SIGI_YES,Variable used to compute the composite index (SIGI),,
DATAFLOW,OECD.DEV.NPG:DSD_GID@DF_GID_2023(1.0),"Gender, Institutions and Development Database (GID-DB) 2023",I,JPN,Japan,RPI_VAW_PCT_1,Prevalence of intimate-partner violence over the lifetime,PT_POP_SUB,Percentage of population in the same subgroup,Y15T49,From 15 to 49 years,F,Female,PCT,Practices,RPI_VAW,Violence against women,2023,,20,,A,Normal value,0,Units,I_EP,Ever-partnered individuals,SIGI_YES,Variable used to compute the composite index (SIGI),,
DATAFLOW,OECD.DEV.NPG:DSD_GID@DF_GID_2023(1.0),"Gender, Institutions and Development Database (GID-DB) 2023",I,LUX,Luxembourg,RPI_VAW_PCT_1,Prevalence of intimate-partner violence over the lifetime,PT_POP_SUB,Percentage of population in the same subgroup,Y15T49,From 15 to 49 years,F,Female,PCT,Practices,RPI_VAW,Violence against women,2023,,20,,A,Normal value,0,Units,I_EP,Ever-partnered individuals,SIGI_YES,Variable used to compute the composite index (SIGI),,
DATAFLOW,OECD.DEV.NPG:DSD_GID@DF_GID_2023(1.0),"Gender, Institutions and Development Database (GID-DB) 2023",I,PAK,Pakistan,RPI_VAW_PCT_1,Prevalence of intimate-partner violence over the lifetime,PT_POP_SUB,Percentage of population in the same subgroup,Y15T49,From 15 to 49 years,F,Female,PCT,Practices,RPI_VAW,Violence against women,2023,,29,,A,Normal value,0,Units,I_EP,Ever-partnered individuals,SIGI_YES,Variable used to compute the composite index (SIGI),,
DATAFLOW,OECD.DEV.NPG:DSD_GID@DF_GID_2023(1.0),"Gender, Institutions and Development Database (GID-DB) 2023",I,GAB,Gabon,RPI_VAW_PCT_1,Prevalence of intimate-partner violence over the lifetime,PT_POP_SUB,Percentage of population in the same subgroup,Y15T49,From 15 to 49 years,F,Female,PCT,Practices,RPI_VAW,Violence against women,2023,,41,,A,Normal value,0,Units,I_EP,Ever-partnered individuals,SIGI_YES,Variable used to compute the composite index (SIGI),,
DATAFLOW,OECD.DEV.NPG:DSD_GID@DF_GID_2023(1.0),"Gender, Institutions and Development Database (GID-DB) 2023",I,AUS,Australia,RPI_VAW_PCT_1,Prevalence of intimate-partner violence over the lifetime,PT_POP_SUB,Percentage of population in the same subgroup,Y15T49,From 15 to 49 years,F,Female,PCT,Practices,RPI_VAW,Violence against women,2023,,23,,A,Normal value,0,Units,I_EP,Ever-partnered individuals,SIGI_YES,Variable used to compute the composite index (SIGI),,
DATAFLOW,OECD.DEV.NPG:DSD_GID@DF_GID_2023(1.0),"Gender, Institutions and Development Database (GID-DB) 2023",I,PNG,Papua New Guinea,RPI_VAW_PCT_1,Prevalence of intimate-partner violence over the lifetime,PT_POP_SUB,Percentage of population in the same subgroup,Y15T49,From 15 to 49 years,F,Female,PCT,Practices,RPI_VAW,Violence against women,2023,,51,,A,Normal value,0,Units,I_EP,Ever-partnered individuals,SIGI_YES,Variable used to compute the composite index (SIGI),,
DATAFLOW,OECD.DEV.NPG:DSD_GID@DF_GID_2023(1.0),"Gender, Institutions and Development Database (GID-DB) 2023",I,ZWE,Zimbabwe,RPI_VAW_PCT_1,Prevalence of intimate-partner violence over the lifetime,PT_POP_SUB,Percentage of population in the same subgroup,Y15T49,From 15 to 49 years,F,Female,PCT,Practices,RPI_VAW,Violence against women,2023,,35,,A,Normal value,0,Units,I_EP,Ever-partnered individuals,SIGI_YES,Variable used to compute the composite index (SIGI),,
DATAFLOW,OECD.DEV.NPG:DSD_GID@DF_GID_2023(1.0),"Gender, Institutions and Development Database (GID-DB) 2023",I,BOL,Bolivia,RPI_VAW_PCT_1,Prevalence of intimate-partner violence over the lifetime,PT_POP_SUB,Percentage of population in the same subgroup,Y15T49,From 15 to 49 years,F,Female,PCT,Practices,RPI_VAW,Violence against women,2023,,42,,A,Normal value,0,Units,I_EP,Ever-partnered individuals,SIGI_YES,Variable used to compute the composite index (SIGI),,
DATAFLOW,OECD.DEV.NPG:DSD_GID@DF_GID_2023(1.0),"Gender, Institutions and Development Database (GID-DB) 2023",I,SRB,Serbia,RPI_VAW_PCT_1,Prevalence of intimate-partner violence over the lifetime,PT_POP_SUB,Percentage of population in the same subgroup,Y15T49,From 15 to 49 years,F,Female,PCT,Practices,RPI_VAW,Violence against women,2023,,17,,A,Normal value,0,Units,I_EP,Ever-partnered individuals,SIGI_YES,Variable used to compute the composite index (SIGI),,
DATAFLOW,OECD.DEV.NPG:DSD_GID@DF_GID_2023(1.0),"Gender, Institutions and Development Database (GID-DB) 2023",I,TLS,Timor-Leste,RPI_VAW_PCT_1,Prevalence of intimate-partner violence over the lifetime,PT_POP_SUB,Percentage of population in the same subgroup,Y15T49,From 15 to 49 years,F,Female,PCT,Practices,RPI_VAW,Violence against women,2023,,38,,A,Normal value,0,Units,I_EP,Ever-partnered individuals,SIGI_YES,Variable used to compute the composite index (SIGI),,
DATAFLOW,OECD.DEV.NPG:DSD_GID@DF_GID_2023(1.0),"Gender, Institutions and Development Database (GID-DB) 2023",I,COG,Congo,RPI_VAW_PCT_1,Prevalence of intimate-partner violence over the lifetime,PT_POP_SUB,Percentage of population in the same subgroup,Y15T49,From 15 to 49 years,F,Female,PCT,Practices,RPI_VAW,Violence against women,2023,,,,A,Normal value,0,Units,I_EP,Ever-partnered individuals,SIGI_YES,Variable used to compute the composite index (SIGI),,
DATAFLOW,OECD.DEV.NPG:DSD_GID@DF_GID_2023(1.0),"Gender, Institutions and Development Database (GID-DB) 2023",I,AGO,Angola,RPI_VAW_PCT_1,Prevalence of intimate-partner violence over the lifetime,PT_POP_SUB,Percentage of population in the same subgroup,Y15T49,From 15 to 49 years,F,Female,PCT,Practices,RPI_VAW,Violence against women,2023,,38,,A,Normal value,0,Units,I_EP,Ever-partnered individuals,SIGI_YES,Variable used to compute the composite index (SIGI),,
DATAFLOW,OECD.DEV.NPG:DSD_GID@DF_GID_2023(1.0),"Gender, Institutions and Development Database (GID-DB) 2023",I,TTO,Trinidad and Tobago,RPI_VAW_PCT_1,Prevalence of intimate-partner violence over the lifetime,PT_POP_SUB,Percentage of population in the same subgroup,Y15T49,From 15 to 49 years,F,Female,PCT,Practices,RPI_VAW,Violence against women,2023,,28,,A,Normal value,0,Units,I_EP,Ever-partnered individuals,SIGI_YES,Variable used to compute the composite index (SIGI),,
DATAFLOW,OECD.DEV.NPG:DSD_GID@DF_GID_2023(1.0),"Gender, Institutions and Development Database (GID-DB) 2023",I,XKV,Kosovo,RPI_VAW_PCT_1,Prevalence of intimate-partner violence over the lifetime,PT_POP_SUB,Percentage of population in the same subgroup,Y15T49,From 15 to 49 years,F,Female,PCT,Practices,RPI_VAW,Violence against women,2023,,13,,A,Normal value,0,Units,I_EP,Ever-partnered individuals,SIGI_YES,Variable used to compute the composite index (SIGI),,
DATAFLOW,OECD.DEV.NPG:DSD_GID@DF_GID_2023(1.0),"Gender, Institutions and Development Database (GID-DB) 2023",I,GRD,Grenada,RPI_VAW_PCT_1,Prevalence of intimate-partner violence over the lifetime,PT_POP_SUB,Percentage of population in the same subgroup,Y15T49,From 15 to 49 years,F,Female,PCT,Practices,RPI_VAW,Violence against women,2023,,28,,A,Normal value,0,Units,I_EP,Ever-partnered individuals,SIGI_YES,Variable used to compute the composite index (SIGI),,
DATAFLOW,OECD.DEV.NPG:DSD_GID@DF_GID_2023(1.0),"Gender, Institutions and Development Database (GID-DB) 2023",I,A,America,RPI_VAW_PCT_1,Prevalence of intimate-partner violence over the lifetime,PT_POP_SUB,Percentage of population in the same subgroup,Y15T49,From 15 to 49 years,F,Female,PCT,Practices,RPI_VAW,Violence against women,2023,,25.2,,A,Normal value,0,Units,I_EP,Ever-partnered individuals,SIGI_YES,Variable used to compute the composite index (SIGI),,
DATAFLOW,OECD.DEV.NPG:DSD_GID@DF_GID_2023(1.0),"Gender, Institutions and Development Database (GID-DB) 2023",I,MNE,Montenegro,RPI_VAW_PCT_1,Prevalence of intimate-partner violence over the lifetime,PT_POP_SUB,Percentage of population in the same subgroup,Y15T49,From 15 to 49 years,F,Female,PCT,Practices,RPI_VAW,Violence against women,2023,,16,,A,Normal value,0,Units,I_EP,Ever-partnered individuals,SIGI_YES,Variable used to compute the composite index (SIGI),,
DATAFLOW,OECD.DEV.NPG:DSD_GID@DF_GID_2023(1.0),"Gender, Institutions and Development Database (GID-DB) 2023",I,ISL,Iceland,RPI_VAW_PCT_1,Prevalence of intimate-partner violence over the lifetime,PT_POP_SUB,Percentage of population in the same subgroup,Y15T49,From 15 to 49 years,F,Female,PCT,Practices,RPI_VAW,Violence against women,2023,,21,,A,Normal value,0,Units,I_EP,Ever-partnered individuals,SIGI_YES,Variable used to compute the composite index (SIGI),,
DATAFLOW,OECD.DEV.NPG:DSD_GID@DF_GID_2023(1.0),"Gender, Institutions and Development Database (GID-DB) 2023",I,KGZ,Kyrgyzstan,RPI_VAW_PCT_1,Prevalence of intimate-partner violence over the lifetime,PT_POP_SUB,Percentage of population in the same subgroup,Y15T49,From 15 to 49 years,F,Female,PCT,Practices,RPI_VAW,Violence against women,2023,,23,,A,Normal value,0,Units,I_EP,Ever-partnered individuals,SIGI_YES,Variable used to compute the composite index (SIGI),,
DATAFLOW,OECD.DEV.NPG:DSD_GID@DF_GID_2023(1.0),"Gender, Institutions and Development Database (GID-DB) 2023",I,E,Europe,RPI_VAW_PCT_1,Prevalence of intimate-partner violence over the lifetime,PT_POP_SUB,Percentage of population in the same subgroup,Y15T49,From 15 to 49 years,F,Female,PCT,Practices,RPI_VAW,Violence against women,2023,,19,,A,Normal value,0,Units,I_EP,Ever-partnered individuals,SIGI_YES,Variable used to compute the composite index (SIGI),,
DATAFLOW,OECD.DEV.NPG:DSD_GID@DF_GID_2023(1.0),"Gender, Institutions and Development Database (GID-DB) 2023",I,YEM,Yemen,RPI_VAW_PCT_1,Prevalence of intimate-partner violence over the lifetime,PT_POP_SUB,Percentage of population in the same subgroup,Y15T49,From 15 to 49 years,F,Female,PCT,Practices,RPI_VAW,Violence against women,2023,,,,A,Normal value,0,Units,I_EP,Ever-partnered individuals,SIGI_YES,Variable used to compute the composite index (SIGI),,
DATAFLOW,OECD.DEV.NPG:DSD_GID@DF_GID_2023(1.0),"Gender, Institutions and Development Database (GID-DB) 2023",I,S,Asia,RPI_VAW_PCT_1,Prevalence of intimate-partner violence over the lifetime,PT_POP_SUB,Percentage of population in the same subgroup,Y15T49,From 15 to 49 years,F,Female,PCT,Practices,RPI_VAW,Violence against women,2023,,27.5,,A,Normal value,0,Units,I_EP,Ever-partnered individuals,SIGI_YES,Variable used to compute the composite index (SIGI),,
DATAFLOW,OECD.DEV.NPG:DSD_GID@DF_GID_2023(1.0),"Gender, Institutions and Development Database (GID-DB) 2023",I,G7,G7,RPI_VAW_PCT_1,Prevalence of intimate-partner violence over the lifetime,PT_POP_SUB,Percentage of population in the same subgroup,Y15T49,From 15 to 49 years,F,Female,PCT,Practices,RPI_VAW,Violence against women,2023,,23.4,,A,Normal value,0,Units,I_EP,Ever-partnered individuals,SIGI_YES,Variable used to compute the composite index (SIGI),,
DATAFLOW,OECD.DEV.NPG:DSD_GID@DF_GID_2023(1.0),"Gender, Institutions and Development Database (GID-DB) 2023",I,BLZ,Belize,RPI_VAW_PCT_1,Prevalence of intimate-partner violence over the lifetime,PT_POP_SUB,Percentage of population in the same subgroup,Y15T49,From 15 to 49 years,F,Female,PCT,Practices,RPI_VAW,Violence against women,2023,,24,,A,Normal value,0,Units,I_EP,Ever-partnered individuals,SIGI_YES,Variable used to compute the composite index (SIGI),,
DATAFLOW,OECD.DEV.NPG:DSD_GID@DF_GID_2023(1.0),"Gender, Institutions and Development Database (GID-DB) 2023",I,BEL,Belgium,RPI_VAW_PCT_1,Prevalence of intimate-partner violence over the lifetime,PT_POP_SUB,Percentage of population in the same subgroup,Y15T49,From 15 to 49 years,F,Female,PCT,Practices,RPI_VAW,Violence against women,2023,,22,,A,Normal value,0,Units,I_EP,Ever-partnered individuals,SIGI_YES,Variable used to compute the composite index (SIGI),,
DATAFLOW,OECD.DEV.NPG:DSD_GID@DF_GID_2023(1.0),"Gender, Institutions and Development Database (GID-DB) 2023",I,ISR,Israel,RPI_VAW_PCT_1,Prevalence of intimate-partner violence over the lifetime,PT_POP_SUB,Percentage of population in the same subgroup,Y15T49,From 15 to 49 years,F,Female,PCT,Practices,RPI_VAW,Violence against women,2023,,,,A,Normal value,0,Units,I_EP,Ever-partnered individuals,SIGI_YES,Variable used to compute the composite index (SIGI),,
DATAFLOW,OECD.DEV.NPG:DSD_GID@DF_GID_2023(1.0),"Gender, Institutions and Development Database (GID-DB) 2023",I,BRB,Barbados,RPI_VAW_PCT_1,Prevalence of intimate-partner violence over the lifetime,PT_POP_SUB,Percentage of population in the same subgroup,Y15T49,From 15 to 49 years,F,Female,PCT,Practices,RPI_VAW,Violence against women,2023,,,,A,Normal value,0,Units,I_EP,Ever-partnered individuals,SIGI_YES,Variable used to compute the composite index (SIGI),,
DATAFLOW,OECD.DEV.NPG:DSD_GID@DF_GID_2023(1.0),"Gender, Institutions and Development Database (GID-DB) 2023",I,HKG,Hong Kong (China),RPI_VAW_PCT_1,Prevalence of intimate-partner violence over the lifetime,PT_POP_SUB,Percentage of population in the same subgroup,Y15T49,From 15 to 49 years,F,Female,PCT,Practices,RPI_VAW,Violence against women,2023,,26.4,,A,Normal value,0,Units,I_EP,Ever-partnered individuals,SIGI_YES,Variable used to compute the composite index (SIGI),,
DATAFLOW,OECD.DEV.NPG:DSD_GID@DF_GID_2023(1.0),"Gender, Institutions and Development Database (GID-DB) 2023",I,NLD,Netherlands,RPI_VAW_PCT_1,Prevalence of intimate-partner violence over the lifetime,PT_POP_SUB,Percentage of population in the same subgroup,Y15T49,From 15 to 49 years,F,Female,PCT,Practices,RPI_VAW,Violence against women,2023,,21,,A,Normal value,0,Units,I_EP,Ever-partnered individuals,SIGI_YES,Variable used to compute the composite index (SIGI),,
DATAFLOW,OECD.DEV.NPG:DSD_GID@DF_GID_2023(1.0),"Gender, Institutions and Development Database (GID-DB) 2023",I,TZA,Tanzania,RPI_VAW_PCT_1,Prevalence of intimate-partner violence over the lifetime,PT_POP_SUB,Percentage of population in the same subgroup,Y15T49,From 15 to 49 years,F,Female,PCT,Practices,RPI_VAW,Violence against women,2023,,38,,A,Normal value,0,Units,I_EP,Ever-partnered individuals,SIGI_YES,Variable used to compute the composite index (SIGI),,
DATAFLOW,OECD.DEV.NPG:DSD_GID@DF_GID_2023(1.0),"Gender, Institutions and Development Database (GID-DB) 2023",I,JAM,Jamaica,RPI_VAW_PCT_1,Prevalence of intimate-partner violence over the lifetime,PT_POP_SUB,Percentage of population in the same subgroup,Y15T49,From 15 to 49 years,F,Female,PCT,Practices,RPI_VAW,Violence against women,2023,,24,,A,Normal value,0,Units,I_EP,Ever-partnered individuals,SIGI_YES,Variable used to compute the composite index (SIGI),,
DATAFLOW,OECD.DEV.NPG:DSD_GID@DF_GID_2023(1.0),"Gender, Institutions and Development Database (GID-DB) 2023",I,ARM,Armenia,RPI_VAW_PCT_1,Prevalence of intimate-partner violence over the lifetime,PT_POP_SUB,Percentage of population in the same subgroup,Y15T49,From 15 to 49 years,F,Female,PCT,Practices,RPI_VAW,Violence against women,2023,,10,,A,Normal value,0,Units,I_EP,Ever-partnered individuals,SIGI_YES,Variable used to compute the composite index (SIGI),,
DATAFLOW,OECD.DEV.NPG:DSD_GID@DF_GID_2023(1.0),"Gender, Institutions and Development Database (GID-DB) 2023",I,TKM,Turkmenistan,RPI_VAW_PCT_1,Prevalence of intimate-partner violence over the lifetime,PT_POP_SUB,Percentage of population in the same subgroup,Y15T49,From 15 to 49 years,F,Female,PCT,Practices,RPI_VAW,Violence against women,2023,,12,,A,Normal value,0,Units,I_EP,Ever-partnered individuals,SIGI_YES,Variable used to compute the composite index (SIGI),,
DATAFLOW,OECD.DEV.NPG:DSD_GID@DF_GID_2023(1.0),"Gender, Institutions and Development Database (GID-DB) 2023",I,BFA,Burkina Faso,RPI_VAW_PCT_1,Prevalence of intimate-partner violence over the lifetime,PT_POP_SUB,Percentage of population in the same subgroup,Y15T49,From 15 to 49 years,F,Female,PCT,Practices,RPI_VAW,Violence against women,2023,,19,,A,Normal value,0,Units,I_EP,Ever-partnered individuals,SIGI_YES,Variable used to compute the composite index (SIGI),,
DATAFLOW,OECD.DEV.NPG:DSD_GID@DF_GID_2023(1.0),"Gender, Institutions and Development Database (GID-DB) 2023",I,SLE,Sierra Leone,RPI_VAW_PCT_1,Prevalence of intimate-partner violence over the lifetime,PT_POP_SUB,Percentage of population in the same subgroup,Y15T49,From 15 to 49 years,F,Female,PCT,Practices,RPI_VAW,Violence against women,2023,,36,,A,Normal value,0,Units,I_EP,Ever-partnered individuals,SIGI_YES,Variable used to compute the composite index (SIGI),,
DATAFLOW,OECD.DEV.NPG:DSD_GID@DF_GID_2023(1.0),"Gender, Institutions and Development Database (GID-DB) 2023",I,DMA,Dominica,RPI_VAW_PCT_1,Prevalence of intimate-partner violence over the lifetime,PT_POP_SUB,Percentage of population in the same subgroup,Y15T49,From 15 to 49 years,F,Female,PCT,Practices,RPI_VAW,Violence against women,2023,,,,A,Normal value,0,Units,I_EP,Ever-partnered individuals,SIGI_YES,Variable used to compute the composite index (SIGI),,
DATAFLOW,OECD.DEV.NPG:DSD_GID@DF_GID_2023(1.0),"Gender, Institutions and Development Database (GID-DB) 2023",I,SVN,Slovenia,RPI_VAW_PCT_1,Prevalence of intimate-partner violence over the lifetime,PT_POP_SUB,Percentage of population in the same subgroup,Y15T49,From 15 to 49 years,F,Female,PCT,Practices,RPI_VAW,Violence against women,2023,,18,,A,Normal value,0,Units,I_EP,Ever-partnered individuals,SIGI_YES,Variable used to compute the composite index (SIGI),,
DATAFLOW,OECD.DEV.NPG:DSD_GID@DF_GID_2023(1.0),"Gender, Institutions and Development Database (GID-DB) 2023",I,PER,Peru,RPI_VAW_PCT_1,Prevalence of intimate-partner violence over the lifetime,PT_POP_SUB,Percentage of population in the same subgroup,Y15T49,From 15 to 49 years,F,Female,PCT,Practices,RPI_VAW,Violence against women,2023,,38,,A,Normal value,0,Units,I_EP,Ever-partnered individuals,SIGI_YES,Variable used to compute the composite index (SIGI),,
DATAFLOW,OECD.DEV.NPG:DSD_GID@DF_GID_2023(1.0),"Gender, Institutions and Development Database (GID-DB) 2023",I,STP,Sao Tome and Principe,RPI_VAW_PCT_1,Prevalence of intimate-partner violence over the lifetime,PT_POP_SUB,Percentage of population in the same subgroup,Y15T49,From 15 to 49 years,F,Female,PCT,Practices,RPI_VAW,Violence against women,2023,,27,,A,Normal value,0,Units,I_EP,Ever-partnered individuals,SIGI_YES,Variable used to compute the composite index (SIGI),,
DATAFLOW,OECD.DEV.NPG:DSD_GID@DF_GID_2023(1.0),"Gender, Institutions and Development Database (GID-DB) 2023",I,HRV,Croatia,RPI_VAW_PCT_1,Prevalence of intimate-partner violence over the lifetime,PT_POP_SUB,Percentage of population in the same subgroup,Y15T49,From 15 to 49 years,F,Female,PCT,Practices,RPI_VAW,Violence against women,2023,,13,,A,Normal value,0,Units,I_EP,Ever-partnered individuals,SIGI_YES,Variable used to compute the composite index (SIGI),,
DATAFLOW,OECD.DEV.NPG:DSD_GID@DF_GID_2023(1.0),"Gender, Institutions and Development Database (GID-DB) 2023",I,KAZ,Kazakhstan,RPI_VAW_PCT_1,Prevalence of intimate-partner violence over the lifetime,PT_POP_SUB,Percentage of population in the same subgroup,Y15T49,From 15 to 49 years,F,Female,PCT,Practices,RPI_VAW,Violence against women,2023,,16,,A,Normal value,0,Units,I_EP,Ever-partnered individuals,SIGI_YES,Variable used to compute the composite index (SIGI),,
DATAFLOW,OECD.DEV.NPG:DSD_GID@DF_GID_2023(1.0),"Gender, Institutions and Development Database (GID-DB) 2023",I,GMB,Gambia,RPI_VAW_PCT_1,Prevalence of intimate-partner violence over the lifetime,PT_POP_SUB,Percentage of population in the same subgroup,Y15T49,From 15 to 49 years,F,Female,PCT,Practices,RPI_VAW,Violence against women,2023,,25,,A,Normal value,0,Units,I_EP,Ever-partnered individuals,SIGI_YES,Variable used to compute the composite index (SIGI),,
DATAFLOW,OECD.DEV.NPG:DSD_GID@DF_GID_2023(1.0),"Gender, Institutions and Development Database (GID-DB) 2023",I,BWA,Botswana,RPI_VAW_PCT_1,Prevalence of intimate-partner violence over the lifetime,PT_POP_SUB,Percentage of population in the same subgroup,Y15T49,From 15 to 49 years,F,Female,PCT,Practices,RPI_VAW,Violence against women,2023,,34,,A,Normal value,0,Units,I_EP,Ever-partnered individuals,SIGI_YES,Variable used to compute the composite index (SIGI),,
DATAFLOW,OECD.DEV.NPG:DSD_GID@DF_GID_2023(1.0),"Gender, Institutions and Development Database (GID-DB) 2023",I,SEN,Senegal,RPI_VAW_PCT_1,Prevalence of intimate-partner violence over the lifetime,PT_POP_SUB,Percentage of population in the same subgroup,Y15T49,From 15 to 49 years,F,Female,PCT,Practices,RPI_VAW,Violence against women,2023,,24,,A,Normal value,0,Units,I_EP,Ever-partnered individuals,SIGI_YES,Variable used to compute the composite index (SIGI),,
DATAFLOW,OECD.DEV.NPG:DSD_GID@DF_GID_2023(1.0),"Gender, Institutions and Development Database (GID-DB) 2023",I,GHA,Ghana,RPI_VAW_PCT_1,Prevalence of intimate-partner violence over the lifetime,PT_POP_SUB,Percentage of population in the same subgroup,Y15T49,From 15 to 49 years,F,Female,PCT,Practices,RPI_VAW,Violence against women,2023,,24,,A,Normal value,0,Units,I_EP,Ever-partnered individuals,SIGI_YES,Variable used to compute the composite index (SIGI),,
DATAFLOW,OECD.DEV.NPG:DSD_GID@DF_GID_2023(1.0),"Gender, Institutions and Development Database (GID-DB) 2023",I,PAN,Panama,RPI_VAW_PCT_1,Prevalence of intimate-partner violence over the lifetime,PT_POP_SUB,Percentage of population in the same subgroup,Y15T49,From 15 to 49 years,F,Female,PCT,Practices,RPI_VAW,Violence against women,2023,,16,,A,Normal value,0,Units,I_EP,Ever-partnered individuals,SIGI_YES,Variable used to compute the composite index (SIGI),,
DATAFLOW,OECD.DEV.NPG:DSD_GID@DF_GID_2023(1.0),"Gender, Institutions and Development Database (GID-DB) 2023",I,F,Africa,RPI_VAW_PCT_1,Prevalence of intimate-partner violence over the lifetime,PT_POP_SUB,Percentage of population in the same subgroup,Y15T49,From 15 to 49 years,F,Female,PCT,Practices,RPI_VAW,Violence against women,2023,,32.8,,A,Normal value,0,Units,I_EP,Ever-partnered individuals,SIGI_YES,Variable used to compute the composite index (SIGI),,
DATAFLOW,OECD.DEV.NPG:DSD_GID@DF_GID_2023(1.0),"Gender, Institutions and Development Database (GID-DB) 2023",I,TGO,Togo,RPI_VAW_PCT_1,Prevalence of intimate-partner violence over the lifetime,PT_POP_SUB,Percentage of population in the same subgroup,Y15T49,From 15 to 49 years,F,Female,PCT,Practices,RPI_VAW,Violence against women,2023,,25,,A,Normal value,0,Units,I_EP,Ever-partnered individuals,SIGI_YES,Variable used to compute the composite index (SIGI),,
DATAFLOW,OECD.DEV.NPG:DSD_GID@DF_GID_2023(1.0),"Gender, Institutions and Development Database (GID-DB) 2023",I,BRA,Brazil,RPI_VAW_PCT_1,Prevalence of intimate-partner violence over the lifetime,PT_POP_SUB,Percentage of population in the same subgroup,Y15T49,From 15 to 49 years,F,Female,PCT,Practices,RPI_VAW,Violence against women,2023,,23,,A,Normal value,0,Units,I_EP,Ever-partnered individuals,SIGI_YES,Variable used to compute the composite index (SIGI),,
DATAFLOW,OECD.DEV.NPG:DSD_GID@DF_GID_2023(1.0),"Gender, Institutions and Development Database (GID-DB) 2023",I,SYC,Seychelles,RPI_VAW_PCT_1,Prevalence of intimate-partner violence over the lifetime,PT_POP_SUB,Percentage of population in the same subgroup,Y15T49,From 15 to 49 years,F,Female,PCT,Practices,RPI_VAW,Violence against women,2023,,,,A,Normal value,0,Units,I_EP,Ever-partnered individuals,SIGI_YES,Variable used to compute the composite index (SIGI),,
DATAFLOW,OECD.DEV.NPG:DSD_GID@DF_GID_2023(1.0),"Gender, Institutions and Development Database (GID-DB) 2023",I,ITA,Italy,RPI_VAW_PCT_1,Prevalence of intimate-partner violence over the lifetime,PT_POP_SUB,Percentage of population in the same subgroup,Y15T49,From 15 to 49 years,F,Female,PCT,Practices,RPI_VAW,Violence against women,2023,,16,,A,Normal value,0,Units,I_EP,Ever-partnered individuals,SIGI_YES,Variable used to compute the composite index (SIGI),,
DATAFLOW,OECD.DEV.NPG:DSD_GID@DF_GID_2023(1.0),"Gender, Institutions and Development Database (GID-DB) 2023",I,TUN,Tunisia,RPI_VAW_PCT_1,Prevalence of intimate-partner violence over the lifetime,PT_POP_SUB,Percentage of population in the same subgroup,Y15T49,From 15 to 49 years,F,Female,PCT,Practices,RPI_VAW,Violence against women,2023,,25,,A,Normal value,0,Units,I_EP,Ever-partnered individuals,SIGI_YES,Variable used to compute the composite index (SIGI),,
DATAFLOW,OECD.DEV.NPG:DSD_GID@DF_GID_2023(1.0),"Gender, Institutions and Development Database (GID-DB) 2023",I,G20,G20,RPI_VAW_PCT_1,Prevalence of intimate-partner violence over the lifetime,PT_POP_SUB,Percentage of population in the same subgroup,Y15T49,From 15 to 49 years,F,Female,PCT,Practices,RPI_VAW,Violence against women,2023,,26.3,,A,Normal value,0,Units,I_EP,Ever-partnered individuals,SIGI_YES,Variable used to compute the composite index (SIGI),,
DATAFLOW,OECD.DEV.NPG:DSD_GID@DF_GID_2023(1.0),"Gender, Institutions and Development Database (GID-DB) 2023",I,LTU,Lithuania,RPI_VAW_PCT_1,Prevalence of intimate-partner violence over the lifetime,PT_POP_SUB,Percentage of population in the same subgroup,Y15T49,From 15 to 49 years,F,Female,PCT,Practices,RPI_VAW,Violence against women,2023,,22,,A,Normal value,0,Units,I_EP,Ever-partnered individuals,SIGI_YES,Variable used to compute the composite index (SIGI),,
DATAFLOW,OECD.DEV.NPG:DSD_GID@DF_GID_2023(1.0),"Gender, Institutions and Development Database (GID-DB) 2023",I,ALB,Albania,RPI_VAW_PCT_1,Prevalence of intimate-partner violence over the lifetime,PT_POP_SUB,Percentage of population in the same subgroup,Y15T49,From 15 to 49 years,F,Female,PCT,Practices,RPI_VAW,Violence against women,2023,,13,,A,Normal value,0,Units,I_EP,Ever-partnered individuals,SIGI_YES,Variable used to compute the composite index (SIGI),,
DATAFLOW,OECD.DEV.NPG:DSD_GID@DF_GID_2023(1.0),"Gender, Institutions and Development Database (GID-DB) 2023",I,MKD,North Macedonia,RPI_VAW_PCT_1,Prevalence of intimate-partner violence over the lifetime,PT_POP_SUB,Percentage of population in the same subgroup,Y15T49,From 15 to 49 years,F,Female,PCT,Practices,RPI_VAW,Violence against women,2023,,13,,A,Normal value,0,Units,I_EP,Ever-partnered individuals,SIGI_YES,Variable used to compute the composite index (SIGI),,
DATAFLOW,OECD.DEV.NPG:DSD_GID@DF_GID_2023(1.0),"Gender, Institutions and Development Database (GID-DB) 2023",I,NZL,New Zealand,RPI_VAW_PCT_1,Prevalence of intimate-partner violence over the lifetime,PT_POP_SUB,Percentage of population in the same subgroup,Y15T49,From 15 to 49 years,F,Female,PCT,Practices,RPI_VAW,Violence against women,2023,,23,,A,Normal value,0,Units,I_EP,Ever-partnered individuals,SIGI_YES,Variable used to compute the composite index (SIGI),,
DATAFLOW,OECD.DEV.NPG:DSD_GID@DF_GID_2023(1.0),"Gender, Institutions and Development Database (GID-DB) 2023",I,PHL,Philippines,RPI_VAW_PCT_1,Prevalence of intimate-partner violence over the lifetime,PT_POP_SUB,Percentage of population in the same subgroup,Y15T49,From 15 to 49 years,F,Female,PCT,Practices,RPI_VAW,Violence against women,2023,,14,,A,Normal value,0,Units,I_EP,Ever-partnered individuals,SIGI_YES,Variable used to compute the composite index (SIGI),,
DATAFLOW,OECD.DEV.NPG:DSD_GID@DF_GID_2023(1.0),"Gender, Institutions and Development Database (GID-DB) 2023",I,BGR,Bulgaria,RPI_VAW_PCT_1,Prevalence of intimate-partner violence over the lifetime,PT_POP_SUB,Percentage of population in the same subgroup,Y15T49,From 15 to 49 years,F,Female,PCT,Practices,RPI_VAW,Violence against women,2023,,19,,A,Normal value,0,Units,I_EP,Ever-partnered individuals,SIGI_YES,Variable used to compute the composite index (SIGI),,
DATAFLOW,OECD.DEV.NPG:DSD_GID@DF_GID_2023(1.0),"Gender, Institutions and Development Database (GID-DB) 2023",I,TJK,Tajikistan,RPI_VAW_PCT_1,Prevalence of intimate-partner violence over the lifetime,PT_POP_SUB,Percentage of population in the same subgroup,Y15T49,From 15 to 49 years,F,Female,PCT,Practices,RPI_VAW,Violence against women,2023,,24,,A,Normal value,0,Units,I_EP,Ever-partnered individuals,SIGI_YES,Variable used to compute the composite index (SIGI),,
DATAFLOW,OECD.DEV.NPG:DSD_GID@DF_GID_2023(1.0),"Gender, Institutions and Development Database (GID-DB) 2023",I,DJI,Djibouti,RPI_VAW_PCT_1,Prevalence of intimate-partner violence over the lifetime,PT_POP_SUB,Percentage of population in the same subgroup,Y15T49,From 15 to 49 years,F,Female,PCT,Practices,RPI_VAW,Violence against women,2023,,,,A,Normal value,0,Units,I_EP,Ever-partnered individuals,SIGI_YES,Variable used to compute the composite index (SIGI),,
DATAFLOW,OECD.DEV.NPG:DSD_GID@DF_GID_2023(1.0),"Gender, Institutions and Development Database (GID-DB) 2023",I,LAO,Lao People’s Democratic Republic,RPI_VAW_PCT_1,Prevalence of intimate-partner violence over the lifetime,PT_POP_SUB,Percentage of population in the same subgroup,Y15T49,From 15 to 49 years,F,Female,PCT,Practices,RPI_VAW,Violence against women,2023,,19,,A,Normal value,0,Units,I_EP,Ever-partnered individuals,SIGI_YES,Variable used to compute the composite index (SIGI),,
DATAFLOW,OECD.DEV.NPG:DSD_GID@DF_GID_2023(1.0),"Gender, Institutions and Development Database (GID-DB) 2023",I,DOM,Dominican Republic,RPI_VAW_PCT_1,Prevalence of intimate-partner violence over the lifetime,PT_POP_SUB,Percentage of population in the same subgroup,Y15T49,From 15 to 49 years,F,Female,PCT,Practices,RPI_VAW,Violence against women,2023,,19,,A,Normal value,0,Units,I_EP,Ever-partnered individuals,SIGI_YES,Variable used to compute the composite index (SIGI),,
DATAFLOW,OECD.DEV.NPG:DSD_GID@DF_GID_2023(1.0),"Gender, Institutions and Development Database (GID-DB) 2023",I,MNG,Mongolia,RPI_VAW_PCT_1,Prevalence of intimate-partner violence over the lifetime,PT_POP_SUB,Percentage of population in the same subgroup,Y15T49,From 15 to 49 years,F,Female,PCT,Practices,RPI_VAW,Violence against women,2023,,27,,A,Normal value,0,Units,I_EP,Ever-partnered individuals,SIGI_YES,Variable used to compute the composite index (SIGI),,
DATAFLOW,OECD.DEV.NPG:DSD_GID@DF_GID_2023(1.0),"Gender, Institutions and Development Database (GID-DB) 2023",I,SGP,Singapore,RPI_VAW_PCT_1,Prevalence of intimate-partner violence over the lifetime,PT_POP_SUB,Percentage of population in the same subgroup,Y15T49,From 15 to 49 years,F,Female,PCT,Practices,RPI_VAW,Violence against women,2023,,11,,A,Normal value,0,Units,I_EP,Ever-partnered individuals,SIGI_YES,Variable used to compute the composite index (SIGI),,
DATAFLOW,OECD.DEV.NPG:DSD_GID@DF_GID_2023(1.0),"Gender, Institutions and Development Database (GID-DB) 2023",I,GTM,Guatemala,RPI_VAW_PCT_1,Prevalence of intimate-partner violence over the lifetime,PT_POP_SUB,Percentage of population in the same subgroup,Y15T49,From 15 to 49 years,F,Female,PCT,Practices,RPI_VAW,Violence against women,2023,,21,,A,Normal value,0,Units,I_EP,Ever-partnered individuals,SIGI_YES,Variable used to compute the composite index (SIGI),,
DATAFLOW,OECD.DEV.NPG:DSD_GID@DF_GID_2023(1.0),"Gender, Institutions and Development Database (GID-DB) 2023",I,ARG,Argentina,RPI_VAW_PCT_1,Prevalence of intimate-partner violence over the lifetime,PT_POP_SUB,Percentage of population in the same subgroup,Y15T49,From 15 to 49 years,F,Female,PCT,Practices,RPI_VAW,Violence against women,2023,,27,,A,Normal value,0,Units,I_EP,Ever-partnered individuals,SIGI_YES,Variable used to compute the composite index (SIGI),,
DATAFLOW,OECD.DEV.NPG:DSD_GID@DF_GID_2023(1.0),"Gender, Institutions and Development Database (GID-DB) 2023",I,PRY,Paraguay,RPI_VAW_PCT_1,Prevalence of intimate-partner violence over the lifetime,PT_POP_SUB,Percentage of population in the same subgroup,Y15T49,From 15 to 49 years,F,Female,PCT,Practices,RPI_VAW,Violence against women,2023,,18,,A,Normal value,0,Units,I_EP,Ever-partnered individuals,SIGI_YES,Variable used to compute the composite index (SIGI),,
DATAFLOW,OECD.DEV.NPG:DSD_GID@DF_GID_2023(1.0),"Gender, Institutions and Development Database (GID-DB) 2023",I,KWT,Kuwait,RPI_VAW_PCT_1,Prevalence of intimate-partner violence over the lifetime,PT_POP_SUB,Percentage of population in the same subgroup,Y15T49,From 15 to 49 years,F,Female,PCT,Practices,RPI_VAW,Violence against women,2023,,,,A,Normal value,0,Units,I_EP,Ever-partnered individuals,SIGI_YES,Variable used to compute the composite index (SIGI),,
DATAFLOW,OECD.DEV.NPG:DSD_GID@DF_GID_2023(1.0),"Gender, Institutions and Development Database (GID-DB) 2023",I,HND,Honduras,RPI_VAW_PCT_1,Prevalence of intimate-partner violence over the lifetime,PT_POP_SUB,Percentage of population in the same subgroup,Y15T49,From 15 to 49 years,F,Female,PCT,Practices,RPI_VAW,Violence against women,2023,,17,,A,Normal value,0,Units,I_EP,Ever-partnered individuals,SIGI_YES,Variable used to compute the composite index (SIGI),,
DATAFLOW,OECD.DEV.NPG:DSD_GID@DF_GID_2023(1.0),"Gender, Institutions and Development Database (GID-DB) 2023",I,MEX,Mexico,RPI_VAW_PCT_1,Prevalence of intimate-partner violence over the lifetime,PT_POP_SUB,Percentage of population in the same subgroup,Y15T49,From 15 to 49 years,F,Female,PCT,Practices,RPI_VAW,Violence against women,2023,,24,,A,Normal value,0,Units,I_EP,Ever-partnered individuals,SIGI_YES,Variable used to compute the composite index (SIGI),,
DATAFLOW,OECD.DEV.NPG:DSD_GID@DF_GID_2023(1.0),"Gender, Institutions and Development Database (GID-DB) 2023",I,OMN,Oman,RPI_VAW_PCT_1,Prevalence of intimate-partner violence over the lifetime,PT_POP_SUB,Percentage of population in the same subgroup,Y15T49,From 15 to 49 years,F,Female,PCT,Practices,RPI_VAW,Violence against women,2023,,,,A,Normal value,0,Units,I_EP,Ever-partnered individuals,SIGI_YES,Variable used to compute the composite index (SIGI),,
DATAFLOW,OECD.DEV.NPG:DSD_GID@DF_GID_2023(1.0),"Gender, Institutions and Development Database (GID-DB) 2023",I,THA,Thailand,RPI_VAW_PCT_1,Prevalence of intimate-partner violence over the lifetime,PT_POP_SUB,Percentage of population in the same subgroup,Y15T49,From 15 to 49 years,F,Female,PCT,Practices,RPI_VAW,Violence against women,2023,,24,,A,Normal value,0,Units,I_EP,Ever-partnered individuals,SIGI_YES,Variable used to compute the composite index (SIGI),,
DATAFLOW,OECD.DEV.NPG:DSD_GID@DF_GID_2023(1.0),"Gender, Institutions and Development Database (GID-DB) 2023",I,ETH,Ethiopia,RPI_VAW_PCT_1,Prevalence of intimate-partner violence over the lifetime,PT_POP_SUB,Percentage of population in the same subgroup,Y15T49,From 15 to 49 years,F,Female,PCT,Practices,RPI_VAW,Violence against women,2023,,37,,A,Normal value,0,Units,I_EP,Ever-partnered individuals,SIGI_YES,Variable used to compute the composite index (SIGI),,
DATAFLOW,OECD.DEV.NPG:DSD_GID@DF_GID_2023(1.0),"Gender, Institutions and Development Database (GID-DB) 2023",I,AUT,Austria,RPI_VAW_PCT_1,Prevalence of intimate-partner violence over the lifetime,PT_POP_SUB,Percentage of population in the same subgroup,Y15T49,From 15 to 49 years,F,Female,PCT,Practices,RPI_VAW,Violence against women,2023,,15,,A,Normal value,0,Units,I_EP,Ever-partnered individuals,SIGI_YES,Variable used to compute the composite index (SIGI),,
DATAFLOW,OECD.DEV.NPG:DSD_GID@DF_GID_2023(1.0),"Gender, Institutions and Development Database (GID-DB) 2023",I,MRT,Mauritania,RPI_VAW_PCT_1,Prevalence of intimate-partner violence over the lifetime,PT_POP_SUB,Percentage of population in the same subgroup,Y15T49,From 15 to 49 years,F,Female,PCT,Practices,RPI_VAW,Violence against women,2023,,8.8,,A,Normal value,0,Units,I_EP,Ever-partnered individuals,SIGI_YES,Variable used to compute the composite index (SIGI),,
DATAFLOW,OECD.DEV.NPG:DSD_GID@DF_GID_2023(1.0),"Gender, Institutions and Development Database (GID-DB) 2023",I,ZMB,Zambia,RPI_VAW_PCT_1,Prevalence of intimate-partner violence over the lifetime,PT_POP_SUB,Percentage of population in the same subgroup,Y15T49,From 15 to 49 years,F,Female,PCT,Practices,RPI_VAW,Violence against women,2023,,41,,A,Normal value,0,Units,I_EP,Ever-partnered individuals,SIGI_YES,Variable used to compute the composite index (SIGI),,
DATAFLOW,OECD.DEV.NPG:DSD_GID@DF_GID_2023(1.0),"Gender, Institutions and Development Database (GID-DB) 2023",I,WSM,Samoa,RPI_VAW_PCT_1,Prevalence of intimate-partner violence over the lifetime,PT_POP_SUB,Percentage of population in the same subgroup,Y15T49,From 15 to 49 years,F,Female,PCT,Practices,RPI_VAW,Violence against women,2023,,40,,A,Normal value,0,Units,I_EP,Ever-partnered individuals,SIGI_YES,Variable used to compute the composite index (SIGI),,
DATAFLOW,OECD.DEV.NPG:DSD_GID@DF_GID_2023(1.0),"Gender, Institutions and Development Database (GID-DB) 2023",I,BDI,Burundi,RPI_VAW_PCT_1,Prevalence of intimate-partner violence over the lifetime,PT_POP_SUB,Percentage of population in the same subgroup,Y15T49,From 15 to 49 years,F,Female,PCT,Practices,RPI_VAW,Violence against women,2023,,40,,A,Normal value,0,Units,I_EP,Ever-partnered individuals,SIGI_YES,Variable used to compute the composite index (SIGI),,
DATAFLOW,OECD.DEV.NPG:DSD_GID@DF_GID_2023(1.0),"Gender, Institutions and Development Database (GID-DB) 2023",I,IRL,Ireland,RPI_VAW_PCT_1,Prevalence of intimate-partner violence over the lifetime,PT_POP_SUB,Percentage of population in the same subgroup,Y15T49,From 15 to 49 years,F,Female,PCT,Practices,RPI_VAW,Violence against women,2023,,16,,A,Normal value,0,Units,I_EP,Ever-partnered individuals,SIGI_YES,Variable used to compute the composite index (SIGI),,
DATAFLOW,OECD.DEV.NPG:DSD_GID@DF_GID_2023(1.0),"Gender, Institutions and Development Database (GID-DB) 2023",I,CHN,China (People’s Republic of),RPI_VAW_PCT_1,Prevalence of intimate-partner violence over the lifetime,PT_POP_SUB,Percentage of population in the same subgroup,Y15T49,From 15 to 49 years,F,Female,PCT,Practices,RPI_VAW,Violence against women,2023,,19,,A,Normal value,0,Units,I_EP,Ever-partnered individuals,SIGI_YES,Variable used to compute the composite index (SIGI),,
DATAFLOW,OECD.DEV.NPG:DSD_GID@DF_GID_2023(1.0),"Gender, Institutions and Development Database (GID-DB) 2023",I,RWA,Rwanda,RPI_VAW_PCT_1,Prevalence of intimate-partner violence over the lifetime,PT_POP_SUB,Percentage of population in the same subgroup,Y15T49,From 15 to 49 years,F,Female,PCT,Practices,RPI_VAW,Violence against women,2023,,38,,A,Normal value,0,Units,I_EP,Ever-partnered individuals,SIGI_YES,Variable used to compute the composite index (SIGI),,
DATAFLOW,OECD.DEV.NPG:DSD_GID@DF_GID_2023(1.0),"Gender, Institutions and Development Database (GID-DB) 2023",I,MDG,Madagascar,RPI_VAW_PCT_1,Prevalence of intimate-partner violence over the lifetime,PT_POP_SUB,Percentage of population in the same subgroup,Y15T49,From 15 to 49 years,F,Female,PCT,Practices,RPI_VAW,Violence against women,2023,,28,,A,Normal value,0,Units,I_EP,Ever-partnered individuals,SIGI_YES,Variable used to compute the composite index (SIGI),,
DATAFLOW,OECD.DEV.NPG:DSD_GID@DF_GID_2023(1.0),"Gender, Institutions and Development Database (GID-DB) 2023",I,LKA,Sri Lanka,RPI_VAW_PCT_1,Prevalence of intimate-partner violence over the lifetime,PT_POP_SUB,Percentage of population in the same subgroup,Y15T49,From 15 to 49 years,F,Female,PCT,Practices,RPI_VAW,Violence against women,2023,,24,,A,Normal value,0,Units,I_EP,Ever-partnered individuals,SIGI_YES,Variable used to compute the composite index (SIGI),,
DATAFLOW,OECD.DEV.NPG:DSD_GID@DF_GID_2023(1.0),"Gender, Institutions and Development Database (GID-DB) 2023",I,DNK,Denmark,RPI_VAW_PCT_1,Prevalence of intimate-partner violence over the lifetime,PT_POP_SUB,Percentage of population in the same subgroup,Y15T49,From 15 to 49 years,F,Female,PCT,Practices,RPI_VAW,Violence against women,2023,,23,,A,Normal value,0,Units,I_EP,Ever-partnered individuals,SIGI_YES,Variable used to compute the composite index (SIGI),,
DATAFLOW,OECD.DEV.NPG:DSD_GID@DF_GID_2023(1.0),"Gender, Institutions and Development Database (GID-DB) 2023",I,ESP,Spain,RPI_VAW_PCT_1,Prevalence of intimate-partner violence over the lifetime,PT_POP_SUB,Percentage of population in the same subgroup,Y15T49,From 15 to 49 years,F,Female,PCT,Practices,RPI_VAW,Violence against women,2023,,15,,A,Normal value,0,Units,I_EP,Ever-partnered individuals,SIGI_YES,Variable used to compute the composite index (SIGI),,
DATAFLOW,OECD.DEV.NPG:DSD_GID@DF_GID_2023(1.0),"Gender, Institutions and Development Database (GID-DB) 2023",I,URY,Uruguay,RPI_VAW_PCT_1,Prevalence of intimate-partner violence over the lifetime,PT_POP_SUB,Percentage of population in the same subgroup,Y15T49,From 15 to 49 years,F,Female,PCT,Practices,RPI_VAW,Violence against women,2023,,18,,A,Normal value,0,Units,I_EP,Ever-partnered individuals,SIGI_YES,Variable used to compute the composite index (SIGI),,
DATAFLOW,OECD.DEV.NPG:DSD_GID@DF_GID_2023(1.0),"Gender, Institutions and Development Database (GID-DB) 2023",I,OECD,OECD,RPI_VAW_PCT_1,Prevalence of intimate-partner violence over the lifetime,PT_POP_SUB,Percentage of population in the same subgroup,Y15T49,From 15 to 49 years,F,Female,PCT,Practices,RPI_VAW,Violence against women,2023,,23.4,,A,Normal value,0,Units,I_EP,Ever-partnered individuals,SIGI_YES,Variable used to compute the composite index (SIGI),,
DATAFLOW,OECD.DEV.NPG:DSD_GID@DF_GID_2023(1.0),"Gender, Institutions and Development Database (GID-DB) 2023",I,EST,Estonia,RPI_VAW_PCT_1,Prevalence of intimate-partner violence over the lifetime,PT_POP_SUB,Percentage of population in the same subgroup,Y15T49,From 15 to 49 years,F,Female,PCT,Practices,RPI_VAW,Violence against women,2023,,21,,A,Normal value,0,Units,I_EP,Ever-partnered individuals,SIGI_YES,Variable used to compute the composite index (SIGI),,
DATAFLOW,OECD.DEV.NPG:DSD_GID@DF_GID_2023(1.0),"Gender, Institutions and Development Database (GID-DB) 2023",I,TCD,Chad,RPI_VAW_PCT_1,Prevalence of intimate-partner violence over the lifetime,PT_POP_SUB,Percentage of population in the same subgroup,Y15T49,From 15 to 49 years,F,Female,PCT,Practices,RPI_VAW,Violence against women,2023,,29,,A,Normal value,0,Units,I_EP,Ever-partnered individuals,SIGI_YES,Variable used to compute the composite index (SIGI),,
DATAFLOW,OECD.DEV.NPG:DSD_GID@DF_GID_2023(1.0),"Gender, Institutions and Development Database (GID-DB) 2023",I,SSD,South Sudan,RPI_VAW_PCT_1,Prevalence of intimate-partner violence over the lifetime,PT_POP_SUB,Percentage of population in the same subgroup,Y15T49,From 15 to 49 years,F,Female,PCT,Practices,RPI_VAW,Violence against women,2023,,41,,A,Normal value,0,Units,I_EP,Ever-partnered individuals,SIGI_YES,Variable used to compute the composite index (SIGI),,
DATAFLOW,OECD.DEV.NPG:DSD_GID@DF_GID_2023(1.0),"Gender, Institutions and Development Database (GID-DB) 2023",I,NPL,Nepal,RPI_VAW_PCT_1,Prevalence of intimate-partner violence over the lifetime,PT_POP_SUB,Percentage of population in the same subgroup,Y15T49,From 15 to 49 years,F,Female,PCT,Practices,RPI_VAW,Violence against women,2023,,27,,A,Normal value,0,Units,I_EP,Ever-partnered individuals,SIGI_YES,Variable used to compute the composite index (SIGI),,
DATAFLOW,OECD.DEV.NPG:DSD_GID@DF_GID_2023(1.0),"Gender, Institutions and Development Database (GID-DB) 2023",I,FRA,France,RPI_VAW_PCT_1,Prevalence of intimate-partner violence over the lifetime,PT_POP_SUB,Percentage of population in the same subgroup,Y15T49,From 15 to 49 years,F,Female,PCT,Practices,RPI_VAW,Violence against women,2023,,22,,A,Normal value,0,Units,I_EP,Ever-partnered individuals,SIGI_YES,Variable used to compute the composite index (SIGI),,
DATAFLOW,OECD.DEV.NPG:DSD_GID@DF_GID_2023(1.0),"Gender, Institutions and Development Database (GID-DB) 2023",I,LBY,Libya,RPI_VAW_PCT_1,Prevalence of intimate-partner violence over the lifetime,PT_POP_SUB,Percentage of population in the same subgroup,Y15T49,From 15 to 49 years,F,Female,PCT,Practices,RPI_VAW,Violence against women,2023,,,,A,Normal value,0,Units,I_EP,Ever-partnered individuals,SIGI_YES,Variable used to compute the composite index (SIGI),,
DATAFLOW,OECD.DEV.NPG:DSD_GID@DF_GID_2023(1.0),"Gender, Institutions and Development Database (GID-DB) 2023",I,GNQ,Equatorial Guinea,RPI_VAW_PCT_1,Prevalence of intimate-partner violence over the lifetime,PT_POP_SUB,Percentage of population in the same subgroup,Y15T49,From 15 to 49 years,F,Female,PCT,Practices,RPI_VAW,Violence against women,2023,,46,,A,Normal value,0,Units,I_EP,Ever-partnered individuals,SIGI_YES,Variable used to compute the composite index (SIGI),,
DATAFLOW,OECD.DEV.NPG:DSD_GID@DF_GID_2023(1.0),"Gender, Institutions and Development Database (GID-DB) 2023",I,KHM,Cambodia,RPI_VAW_PCT_1,Prevalence of intimate-partner violence over the lifetime,PT_POP_SUB,Percentage of population in the same subgroup,Y15T49,From 15 to 49 years,F,Female,PCT,Practices,RPI_VAW,Violence against women,2023,,19,,A,Normal value,0,Units,I_EP,Ever-partnered individuals,SIGI_YES,Variable used to compute the composite index (SIGI),,
DATAFLOW,OECD.DEV.NPG:DSD_GID@DF_GID_2023(1.0),"Gender, Institutions and Development Database (GID-DB) 2023",I,GNB,Guinea-Bissau,RPI_VAW_PCT_1,Prevalence of intimate-partner violence over the lifetime,PT_POP_SUB,Percentage of population in the same subgroup,Y15T49,From 15 to 49 years,F,Female,PCT,Practices,RPI_VAW,Violence against women,2023,,,,A,Normal value,0,Units,I_EP,Ever-partnered individuals,SIGI_YES,Variable used to compute the composite index (SIGI),,
DATAFLOW,OECD.DEV.NPG:DSD_GID@DF_GID_2023(1.0),"Gender, Institutions and Development Database (GID-DB) 2023",I,SWZ,Eswatini,RPI_VAW_PCT_1,Prevalence of intimate-partner violence over the lifetime,PT_POP_SUB,Percentage of population in the same subgroup,Y15T49,From 15 to 49 years,F,Female,PCT,Practices,RPI_VAW,Violence against women,2023,,,,A,Normal value,0,Units,I_EP,Ever-partnered individuals,SIGI_YES,Variable used to compute the composite index (SIGI),,
DATAFLOW,OECD.DEV.NPG:DSD_GID@DF_GID_2023(1.0),"Gender, Institutions and Development Database (GID-DB) 2023",I,CHE,Switzerland,RPI_VAW_PCT_1,Prevalence of intimate-partner violence over the lifetime,PT_POP_SUB,Percentage of population in the same subgroup,Y15T49,From 15 to 49 years,F,Female,PCT,Practices,RPI_VAW,Violence against women,2023,,12,,A,Normal value,0,Units,I_EP,Ever-partnered individuals,SIGI_YES,Variable used to compute the composite index (SIGI),,
DATAFLOW,OECD.DEV.NPG:DSD_GID@DF_GID_2023(1.0),"Gender, Institutions and Development Database (GID-DB) 2023",I,NAM,Namibia,RPI_VAW_PCT_1,Prevalence of intimate-partner violence over the lifetime,PT_POP_SUB,Percentage of population in the same subgroup,Y15T49,From 15 to 49 years,F,Female,PCT,Practices,RPI_VAW,Violence against women,2023,,27,,A,Normal value,0,Units,I_EP,Ever-partnered individuals,SIGI_YES,Variable used to compute the composite index (SIGI),,
DATAFLOW,OECD.DEV.NPG:DSD_GID@DF_GID_2023(1.0),"Gender, Institutions and Development Database (GID-DB) 2023",I,ZAF,South Africa,RPI_VAW_PCT_1,Prevalence of intimate-partner violence over the lifetime,PT_POP_SUB,Percentage of population in the same subgroup,Y15T49,From 15 to 49 years,F,Female,PCT,Practices,RPI_VAW,Violence against women,2023,,24,,A,Normal value,0,Units,I_EP,Ever-partnered individuals,SIGI_YES,Variable used to compute the composite index (SIGI),,
DATAFLOW,OECD.DEV.NPG:DSD_GID@DF_GID_2023(1.0),"Gender, Institutions and Development Database (GID-DB) 2023",I,HTI,Haiti,RPI_VAW_PCT_1,Prevalence of intimate-partner violence over the lifetime,PT_POP_SUB,Percentage of population in the same subgroup,Y15T49,From 15 to 49 years,F,Female,PCT,Practices,RPI_VAW,Violence against women,2023,,23,,A,Normal value,0,Units,I_EP,Ever-partnered individuals,SIGI_YES,Variable used to compute the composite index (SIGI),,
DATAFLOW,OECD.DEV.NPG:DSD_GID@DF_GID_2023(1.0),"Gender, Institutions and Development Database (GID-DB) 2023",I,EGY,Egypt,RPI_VAW_PCT_1,Prevalence of intimate-partner violence over the lifetime,PT_POP_SUB,Percentage of population in the same subgroup,Y15T49,From 15 to 49 years,F,Female,PCT,Practices,RPI_VAW,Violence against women,2023,,30,,A,Normal value,0,Units,I_EP,Ever-partnered individuals,SIGI_YES,Variable used to compute the composite index (SIGI),,
DATAFLOW,OECD.DEV.NPG:DSD_GID@DF_GID_2023(1.0),"Gender, Institutions and Development Database (GID-DB) 2023",I,BHS,Bahamas,RPI_VAW_PCT_1,Prevalence of intimate-partner violence over the lifetime,PT_POP_SUB,Percentage of population in the same subgroup,Y15T49,From 15 to 49 years,F,Female,PCT,Practices,RPI_VAW,Violence against women,2023,,,,A,Normal value,0,Units,I_EP,Ever-partnered individuals,SIGI_YES,Variable used to compute the composite index (SIGI),,
DATAFLOW,OECD.DEV.NPG:DSD_GID@DF_GID_2023(1.0),"Gender, Institutions and Development Database (GID-DB) 2023",I,PRT,Portugal,RPI_VAW_PCT_1,Prevalence of intimate-partner violence over the lifetime,PT_POP_SUB,Percentage of population in the same subgroup,Y15T49,From 15 to 49 years,F,Female,PCT,Practices,RPI_VAW,Violence against women,2023,,18,,A,Normal value,0,Units,I_EP,Ever-partnered individuals,SIGI_YES,Variable used to compute the composite index (SIGI),,
DATAFLOW,OECD.DEV.NPG:DSD_GID@DF_GID_2023(1.0),"Gender, Institutions and Development Database (GID-DB) 2023",I,ARE,United Arab Emirates,RPI_VAW_PCT_1,Prevalence of intimate-partner violence over the lifetime,PT_POP_SUB,Percentage of population in the same subgroup,Y15T49,From 15 to 49 years,F,Female,PCT,Practices,RPI_VAW,Violence against women,2023,,,,A,Normal value,0,Units,I_EP,Ever-partnered individuals,SIGI_YES,Variable used to compute the composite index (SIGI),,
DATAFLOW,OECD.DEV.NPG:DSD_GID@DF_GID_2023(1.0),"Gender, Institutions and Development Database (GID-DB) 2023",I,NER,Niger,RPI_VAW_PCT_1,Prevalence of intimate-partner violence over the lifetime,PT_POP_SUB,Percentage of population in the same subgroup,Y15T49,From 15 to 49 years,F,Female,PCT,Practices,RPI_VAW,Violence against women,2023,,,,A,Normal value,0,Units,I_EP,Ever-partnered individuals,SIGI_YES,Variable used to compute the composite index (SIGI),,
DATAFLOW,OECD.DEV.NPG:DSD_GID@DF_GID_2023(1.0),"Gender, Institutions and Development Database (GID-DB) 2023",I,CRI,Costa Rica,RPI_VAW_PCT_1,Prevalence of intimate-partner violence over the lifetime,PT_POP_SUB,Percentage of population in the same subgroup,Y15T49,From 15 to 49 years,F,Female,PCT,Practices,RPI_VAW,Violence against women,2023,,27,,A,Normal value,0,Units,I_EP,Ever-partnered individuals,SIGI_YES,Variable used to compute the composite index (SIGI),,
DATAFLOW,OECD.DEV.NPG:DSD_GID@DF_GID_2023(1.0),"Gender, Institutions and Development Database (GID-DB) 2023",I,LSO,Lesotho,RPI_VAW_PCT_1,Prevalence of intimate-partner violence over the lifetime,PT_POP_SUB,Percentage of population in the same subgroup,Y15T49,From 15 to 49 years,F,Female,PCT,Practices,RPI_VAW,Violence against women,2023,,40,,A,Normal value,0,Units,I_EP,Ever-partnered individuals,SIGI_YES,Variable used to compute the composite index (SIGI),,
DATAFLOW,OECD.DEV.NPG:DSD_GID@DF_GID_2023(1.0),"Gender, Institutions and Development Database (GID-DB) 2023",I,MYS,Malaysia,RPI_VAW_PCT_1,Prevalence of intimate-partner violence over the lifetime,PT_POP_SUB,Percentage of population in the same subgroup,Y15T49,From 15 to 49 years,F,Female,PCT,Practices,RPI_VAW,Violence against women,2023,,19,,A,Normal value,0,Units,I_EP,Ever-partnered individuals,SIGI_YES,Variable used to compute the composite index (SIGI),,
DATAFLOW,OECD.DEV.NPG:DSD_GID@DF_GID_2023(1.0),"Gender, Institutions and Development Database (GID-DB) 2023",I,SUR,Suriname,RPI_VAW_PCT_1,Prevalence of intimate-partner violence over the lifetime,PT_POP_SUB,Percentage of population in the same subgroup,Y15T49,From 15 to 49 years,F,Female,PCT,Practices,RPI_VAW,Violence against women,2023,,28,,A,Normal value,0,Units,I_EP,Ever-partnered individuals,SIGI_YES,Variable used to compute the composite index (SIGI),,
DATAFLOW,OECD.DEV.NPG:DSD_GID@DF_GID_2023(1.0),"Gender, Institutions and Development Database (GID-DB) 2023",I,IND,India,RPI_VAW_PCT_1,Prevalence of intimate-partner violence over the lifetime,PT_POP_SUB,Percentage of population in the same subgroup,Y15T49,From 15 to 49 years,F,Female,PCT,Practices,RPI_VAW,Violence against women,2023,,35,,A,Normal value,0,Units,I_EP,Ever-partnered individuals,SIGI_YES,Variable used to compute the composite index (SIGI),,
DATAFLOW,OECD.DEV.NPG:DSD_GID@DF_GID_2023(1.0),"Gender, Institutions and Development Database (GID-DB) 2023",I,IRN,Iran,RPI_VAW_PCT_1,Prevalence of intimate-partner violence over the lifetime,PT_POP_SUB,Percentage of population in the same subgroup,Y15T49,From 15 to 49 years,F,Female,PCT,Practices,RPI_VAW,Violence against women,2023,,31,,A,Normal value,0,Units,I_EP,Ever-partnered individuals,SIGI_YES,Variable used to compute the composite index (SIGI),,
DATAFLOW,OECD.DEV.NPG:DSD_GID@DF_GID_2023(1.0),"Gender, Institutions and Development Database (GID-DB) 2023",I,BEN,Benin,RPI_VAW_PCT_1,Prevalence of intimate-partner violence over the lifetime,PT_POP_SUB,Percentage of population in the same subgroup,Y15T49,From 15 to 49 years,F,Female,PCT,Practices,RPI_VAW,Violence against women,2023,,26,,A,Normal value,0,Units,I_EP,Ever-partnered individuals,SIGI_YES,Variable used to compute the composite index (SIGI),,
DATAFLOW,OECD.DEV.NPG:DSD_GID@DF_GID_2023(1.0),"Gender, Institutions and Development Database (GID-DB) 2023",I,CHL,Chile,RPI_VAW_PCT_1,Prevalence of intimate-partner violence over the lifetime,PT_POP_SUB,Percentage of population in the same subgroup,Y15T49,From 15 to 49 years,F,Female,PCT,Practices,RPI_VAW,Violence against women,2023,,21,,A,Normal value,0,Units,I_EP,Ever-partnered individuals,SIGI_YES,Variable used to compute the composite index (SIGI),,
DATAFLOW,OECD.DEV.NPG:DSD_GID@DF_GID_2023(1.0),"Gender, Institutions and Development Database (GID-DB) 2023",I,COD,Democratic Republic of the Congo,RPI_VAW_PCT_1,Prevalence of intimate-partner violence over the lifetime,PT_POP_SUB,Percentage of population in the same subgroup,Y15T49,From 15 to 49 years,F,Female,PCT,Practices,RPI_VAW,Violence against women,2023,,47,,A,Normal value,0,Units,I_EP,Ever-partnered individuals,SIGI_YES,Variable used to compute the composite index (SIGI),,
DATAFLOW,OECD.DEV.NPG:DSD_GID@DF_GID_2023(1.0),"Gender, Institutions and Development Database (GID-DB) 2023",I,ATG,Antigua and Barbuda,RPI_VAW_PCT_1,Prevalence of intimate-partner violence over the lifetime,PT_POP_SUB,Percentage of population in the same subgroup,Y15T49,From 15 to 49 years,F,Female,PCT,Practices,RPI_VAW,Violence against women,2023,,,,A,Normal value,0,Units,I_EP,Ever-partnered individuals,SIGI_YES,Variable used to compute the composite index (SIGI),,
DATAFLOW,OECD.DEV.NPG:DSD_GID@DF_GID_2023(1.0),"Gender, Institutions and Development Database (GID-DB) 2023",I,MLI,Mali,RPI_VAW_PCT_1,Prevalence of intimate-partner violence over the lifetime,PT_POP_SUB,Percentage of population in the same subgroup,Y15T49,From 15 to 49 years,F,Female,PCT,Practices,RPI_VAW,Violence against women,2023,,29,,A,Normal value,0,Units,I_EP,Ever-partnered individuals,SIGI_YES,Variable used to compute the composite index (SIGI),,
DATAFLOW,OECD.DEV.NPG:DSD_GID@DF_GID_2023(1.0),"Gender, Institutions and Development Database (GID-DB) 2023",I,NOR,Norway,RPI_VAW_PCT_1,Prevalence of intimate-partner violence over the lifetime,PT_POP_SUB,Percentage of population in the same subgroup,Y15T49,From 15 to 49 years,F,Female,PCT,Practices,RPI_VAW,Violence against women,2023,,20,,A,Normal value,0,Units,I_EP,Ever-partnered individuals,SIGI_YES,Variable used to compute the composite index (SIGI),,
DATAFLOW,OECD.DEV.NPG:DSD_GID@DF_GID_2023(1.0),"Gender, Institutions and Development Database (GID-DB) 2023",I,BRN,Brunei Darussalam,RPI_VAW_PCT_1,Prevalence of intimate-partner violence over the lifetime,PT_POP_SUB,Percentage of population in the same subgroup,Y15T49,From 15 to 49 years,F,Female,PCT,Practices,RPI_VAW,Violence against women,2023,,,,A,Normal value,0,Units,I_EP,Ever-partnered individuals,SIGI_YES,Variable used to compute the composite index (SIGI),,
DATAFLOW,OECD.DEV.NPG:DSD_GID@DF_GID_2023(1.0),"Gender, Institutions and Development Database (GID-DB) 2023",I,SLB,Solomon Islands,RPI_VAW_PCT_1,Prevalence of intimate-partner violence over the lifetime,PT_POP_SUB,Percentage of population in the same subgroup,Y15T49,From 15 to 49 years,F,Female,PCT,Practices,RPI_VAW,Violence against women,2023,,50,,A,Normal value,0,Units,I_EP,Ever-partnered individuals,SIGI_YES,Variable used to compute the composite index (SIGI),,
